method,model,dataset,train_domain,lora_rank,projection_rank_k,lambda_cap,lambda_orth,best_eval_metric,final_eval_metric,best_forgetting_score,final_forgetting_score,final_rho_k_mean,final_omega_full_mean,final_omega_residual_mean,final_actcov_alignment_loss,final_actcov_alignment_score,final_orth_error_A,total_train_time_sec,peak_gpu_memory_gb,output_dir,eval_metric_name,eval_metric_value,model_name,dataset_name,seed,max_steps,last_eval,run_dir,parameter_counts,notes,lambda_align,final_capture_alignment_loss,final_capture_alignment_score,final_capture_energy_task,commonsense_8task_macro_accuracy,commonsense_8task_micro_accuracy,commonsense_8task_num_samples,commonsense_8task_checkpoint_step,commonsense_8task_checkpoint,commonsense_8task_per_task,math_generation_exact_match,math_generation_exact_match_count,math_generation_num_samples,math_generation_checkpoint_step,math_generation_checkpoint,math_generation_batch_size
actcov_guided_lora,/data/zck/code/models/models--meta-llama--Llama-3.1-8B/snapshots/d04e592bb4f6aa9cfee91e2e20afa771667e1d4b,data/splits/commonsense_170k_train_165420.jsonl,commonsense,8.0,16.0,0.05,0.01,0.0,0.0,,,,0.9964339652409157,0.998800625403722,0.9840826690196991,0.01591734029352665,1.7537242372830708,47.024081722367555,16.666567932475697,outputs/runs/meta_llama_llama_3_1_8b/actcov_guided_lora_meta_llama_llama_3_1_8b_commonsense_170k_train_165420_r8_k16_seed0_20260504_130859,exact_match,0.0,/data/zck/code/models/models--meta-llama--Llama-3.1-8B/snapshots/d04e592bb4f6aa9cfee91e2e20afa771667e1d4b,data/splits/commonsense_170k_train_165420.jsonl,0.0,20.0,"{'step': 20, 'epoch': 1.25, 'split': 'validation', 'dataset': 'data/splits/commonsense_170k_val_5000.jsonl', 'domain': 'commonsense', 'eval_dataset': 'data/splits/commonsense_170k_val_5000.jsonl', 'eval_domain': 'commonsense', 'eval_type': 'in_domain', 'train_domain': 'commonsense', 'metric_name': 'exact_match', 'metric_mode': 'max', 'metric_value': 0.0, 'eval_metric_name': 'exact_match', 'eval_metric_value': 0.0, 'loss': 2.8846353443045367, 'eval_loss': 2.8846353443045367, 'perplexity': 17.897040147835074, 'eval_accuracy': 0.4052631578947368, 'eval_exact_match': 0.0, 'eval_pass_at_1': None, 'eval_metric': 0.0, 'eval_tokens': 190, 'eval_num_samples': 64, 'num_samples': 64, 'timestamp': '2026-05-04T05:09:57.783322+00:00'}",outputs/runs/meta_llama_llama_3_1_8b/actcov_guided_lora_meta_llama_llama_3_1_8b_commonsense_170k_train_165420_r8_k16_seed0_20260504_130859,"{'total_parameters': 8030687232, 'trainable_parameters': 425984}",actcov_guided_lora,,,,,,,,,,,,,,,,
actcov_guided_lora,/data/zck/code/models/models--meta-llama--Llama-3.1-8B/snapshots/d04e592bb4f6aa9cfee91e2e20afa771667e1d4b,data/splits/commonsense_170k_train_165420.jsonl,commonsense,8.0,16.0,0.05,0.01,0.0,0.0,,,,0.9964339652409157,0.998800625403722,0.9840826690196991,0.01591734029352665,1.7537242372830708,46.46673877397552,16.669098117134787,outputs/runs/meta_llama_llama_3_1_8b/actcov_guided_lora_meta_llama_llama_3_1_8b_commonsense_170k_train_165420_r8_k16_seed0_20260504_131017,exact_match,0.0,/data/zck/code/models/models--meta-llama--Llama-3.1-8B/snapshots/d04e592bb4f6aa9cfee91e2e20afa771667e1d4b,data/splits/commonsense_170k_train_165420.jsonl,0.0,20.0,"{'step': 20, 'epoch': 1.25, 'split': 'validation', 'dataset': 'data/splits/commonsense_170k_val_5000.jsonl', 'domain': 'commonsense', 'eval_dataset': 'data/splits/commonsense_170k_val_5000.jsonl', 'eval_domain': 'commonsense', 'eval_type': 'in_domain', 'train_domain': 'commonsense', 'metric_name': 'exact_match', 'metric_mode': 'max', 'metric_value': 0.0, 'eval_metric_name': 'exact_match', 'eval_metric_value': 0.0, 'loss': 2.8846353443045367, 'eval_loss': 2.8846353443045367, 'perplexity': 17.897040147835074, 'eval_accuracy': 0.4052631578947368, 'eval_exact_match': 0.0, 'eval_pass_at_1': None, 'eval_metric': 0.0, 'eval_tokens': 190, 'eval_num_samples': 64, 'num_samples': 64, 'timestamp': '2026-05-04T05:11:16.417184+00:00'}",outputs/runs/meta_llama_llama_3_1_8b/actcov_guided_lora_meta_llama_llama_3_1_8b_commonsense_170k_train_165420_r8_k16_seed0_20260504_131017,"{'total_parameters': 8030687232, 'trainable_parameters': 425984}",actcov_guided_lora,,,,,,,,,,,,,,,,
actcov_guided_lora,/data/zck/code/models/models--meta-llama--Llama-3.1-8B/snapshots/d04e592bb4f6aa9cfee91e2e20afa771667e1d4b,data/splits/commonsense_170k_train_165420.jsonl,commonsense,8.0,16.0,0.05,0.01,0.6002,0.6002,,,,0.9800885573863983,0.997026140610377,0.9528581500053406,0.04714185371994972,1.0032109557650983,2100.9033039365895,17.354921444042308,outputs/runs/meta_llama_llama_3_1_8b/actcov_guided_lora_meta_llama_llama_3_1_8b_commonsense_170k_train_165420_r8_k16_seed0_20260504_131611,exact_match,0.6002,/data/zck/code/models/models--meta-llama--Llama-3.1-8B/snapshots/d04e592bb4f6aa9cfee91e2e20afa771667e1d4b,data/splits/commonsense_170k_train_165420.jsonl,0.0,300.0,"{'step': 300, 'epoch': 0.014508523757707652, 'split': 'validation', 'dataset': 'data/splits/commonsense_170k_val_5000.jsonl', 'domain': 'commonsense', 'eval_dataset': 'data/splits/commonsense_170k_val_5000.jsonl', 'eval_domain': 'commonsense', 'eval_type': 'in_domain', 'train_domain': 'commonsense', 'metric_name': 'exact_match', 'metric_mode': 'max', 'metric_value': 0.6002, 'eval_metric_name': 'exact_match', 'eval_metric_value': 0.6002, 'loss': 0.2813562386118431, 'eval_loss': 0.2813562386118431, 'perplexity': 1.3249255094990746, 'eval_accuracy': 0.8630304678998912, 'eval_exact_match': 0.6002, 'eval_pass_at_1': None, 'eval_metric': 0.6002, 'eval_tokens': 14704, 'eval_num_samples': 5000, 'num_samples': 5000, 'timestamp': '2026-05-04T05:56:23.366900+00:00'}",outputs/runs/meta_llama_llama_3_1_8b/actcov_guided_lora_meta_llama_llama_3_1_8b_commonsense_170k_train_165420_r8_k16_seed0_20260504_131611,"{'total_parameters': 8030687232, 'trainable_parameters': 425984}",actcov_guided_lora,,,,,,,,,,,,,,,,
actcov_guided_lora,/data/zck/code/models/models--meta-llama--Llama-3.1-8B/snapshots/d04e592bb4f6aa9cfee91e2e20afa771667e1d4b,data/splits/commonsense_170k_train_165420.jsonl,commonsense,8.0,16.0,0.2,0.01,0.6044,0.6044,,,,0.9795183300971985,0.9972267790158589,0.9447653293609619,0.05523468367755413,1.0233323064943154,2133.7613920369186,17.354921444042308,outputs/runs/meta_llama_llama_3_1_8b/actcov_guided_lora_meta_llama_llama_3_1_8b_commonsense_170k_train_165420_r8_k16_seed0_20260504_131617,exact_match,0.6044,/data/zck/code/models/models--meta-llama--Llama-3.1-8B/snapshots/d04e592bb4f6aa9cfee91e2e20afa771667e1d4b,data/splits/commonsense_170k_train_165420.jsonl,0.0,300.0,"{'step': 300, 'epoch': 0.014508523757707652, 'split': 'validation', 'dataset': 'data/splits/commonsense_170k_val_5000.jsonl', 'domain': 'commonsense', 'eval_dataset': 'data/splits/commonsense_170k_val_5000.jsonl', 'eval_domain': 'commonsense', 'eval_type': 'in_domain', 'train_domain': 'commonsense', 'metric_name': 'exact_match', 'metric_mode': 'max', 'metric_value': 0.6044, 'eval_metric_name': 'exact_match', 'eval_metric_value': 0.6044, 'loss': 0.2811841657769573, 'eval_loss': 0.2811841657769573, 'perplexity': 1.3246975454244174, 'eval_accuracy': 0.8642546245919478, 'eval_exact_match': 0.6044, 'eval_pass_at_1': None, 'eval_metric': 0.6044, 'eval_tokens': 14704, 'eval_num_samples': 5000, 'num_samples': 5000, 'timestamp': '2026-05-04T05:57:05.525071+00:00'}",outputs/runs/meta_llama_llama_3_1_8b/actcov_guided_lora_meta_llama_llama_3_1_8b_commonsense_170k_train_165420_r8_k16_seed0_20260504_131617,"{'total_parameters': 8030687232, 'trainable_parameters': 425984}",actcov_guided_lora,,,,,,,,,,,,,,,,
actcov_guided_lora,/data/zck/code/models/models--meta-llama--Llama-3.1-8B/snapshots/d04e592bb4f6aa9cfee91e2e20afa771667e1d4b,data/splits/commonsense_170k_train_165420.jsonl,commonsense,8.0,4.0,0.05,0.01,0.0,0.0,,,,0.9964137102166811,0.9986378749211628,0.9822181761264801,0.017781813628971577,1.7538594007492065,46.846789869014174,16.669231284748424,outputs/runs/meta_llama_llama_3_1_8b/actcov_guided_lora_meta_llama_llama_3_1_8b_commonsense_170k_train_165420_r8_k4_seed0_20260504_131343,exact_match,0.0,/data/zck/code/models/models--meta-llama--Llama-3.1-8B/snapshots/d04e592bb4f6aa9cfee91e2e20afa771667e1d4b,data/splits/commonsense_170k_train_165420.jsonl,0.0,20.0,"{'step': 20, 'epoch': 1.25, 'split': 'validation', 'dataset': 'data/splits/commonsense_170k_val_5000.jsonl', 'domain': 'commonsense', 'eval_dataset': 'data/splits/commonsense_170k_val_5000.jsonl', 'eval_domain': 'commonsense', 'eval_type': 'in_domain', 'train_domain': 'commonsense', 'metric_name': 'exact_match', 'metric_mode': 'max', 'metric_value': 0.0, 'eval_metric_name': 'exact_match', 'eval_metric_value': 0.0, 'loss': 2.8887526286275764, 'eval_loss': 2.8887526286275764, 'perplexity': 17.970879254652832, 'eval_accuracy': 0.4, 'eval_exact_match': 0.0, 'eval_pass_at_1': None, 'eval_metric': 0.0, 'eval_tokens': 190, 'eval_num_samples': 64, 'num_samples': 64, 'timestamp': '2026-05-04T05:14:41.625111+00:00'}",outputs/runs/meta_llama_llama_3_1_8b/actcov_guided_lora_meta_llama_llama_3_1_8b_commonsense_170k_train_165420_r8_k4_seed0_20260504_131343,"{'total_parameters': 8030687232, 'trainable_parameters': 425984}",actcov_guided_lora_k4_dry,,,,,,,,,,,,,,,,
actcov_oplora,/data/zck/code/models/models--meta-llama--Llama-3.1-8B/snapshots/d04e592bb4f6aa9cfee91e2e20afa771667e1d4b,data/splits/commonsense_170k_train_165420.jsonl,commonsense,8.0,16.0,0.0,0.01,,,,,,,,,,,818.0698334099725,,outputs/runs/meta_llama_llama_3_1_8b/actcov_oplora_meta_llama_llama_3_1_8b_commonsense_170k_train_165420_r8_k16_seed0_20260503_143842,,,,,,,,outputs/runs/meta_llama_llama_3_1_8b/actcov_oplora_meta_llama_llama_3_1_8b_commonsense_170k_train_165420_r8_k16_seed0_20260503_143842,,ActivationCov right-projected OPLoRA matched to probe layers,0.0,,,,,,,,,,,,,,,
actcov_oplora,/data/zck/code/models/models--meta-llama--Llama-3.1-8B/snapshots/d04e592bb4f6aa9cfee91e2e20afa771667e1d4b,data/splits/commonsense_170k_train_165420.jsonl,commonsense,8.0,16.0,0.0,0.01,0.0,0.0,,,0.01414921903051436,0.9986415151506662,0.9986512244989474,,,1.720158490267667,433.65783891035244,16.666160800240256,outputs/runs/meta_llama_llama_3_1_8b/actcov_oplora_meta_llama_llama_3_1_8b_commonsense_170k_train_165420_r8_k16_seed0_20260503_144520,exact_match,0.0,/data/zck/code/models/models--meta-llama--Llama-3.1-8B/snapshots/d04e592bb4f6aa9cfee91e2e20afa771667e1d4b,data/splits/commonsense_170k_train_165420.jsonl,0.0,20.0,"{'step': 20, 'epoch': 1.25, 'split': 'validation', 'dataset': 'data/splits/commonsense_170k_val_5000.jsonl', 'domain': 'commonsense', 'eval_dataset': 'data/splits/commonsense_170k_val_5000.jsonl', 'eval_domain': 'commonsense', 'eval_type': 'in_domain', 'train_domain': 'commonsense', 'metric_name': 'exact_match', 'metric_mode': 'max', 'metric_value': 0.0, 'eval_metric_name': 'exact_match', 'eval_metric_value': 0.0, 'loss': 3.7268078565597533, 'eval_loss': 3.7268078565597533, 'perplexity': 41.54627459700335, 'eval_accuracy': 0.2789473684210526, 'eval_exact_match': 0.0, 'eval_pass_at_1': None, 'eval_metric': 0.0, 'eval_tokens': 190, 'eval_num_samples': 64, 'num_samples': 64, 'timestamp': '2026-05-03T06:53:12.579394+00:00'}",outputs/runs/meta_llama_llama_3_1_8b/actcov_oplora_meta_llama_llama_3_1_8b_commonsense_170k_train_165420_r8_k16_seed0_20260503_144520,"{'total_parameters': 8030687232, 'trainable_parameters': 425984}",ActivationCov right-projected OPLoRA matched to probe layers,,,,,,,,,,,,,,,,
actcov_oplora,/data/zck/code/models/models--meta-llama--Llama-3.1-8B/snapshots/d04e592bb4f6aa9cfee91e2e20afa771667e1d4b,data/splits/commonsense_170k_train_165420.jsonl,commonsense,8.0,16.0,0.0,0.01,0.0,0.0,,,,0.9986415151506662,0.9986512244989474,,,1.73636794090271,43.87140876892954,16.669739679856733,outputs/runs/meta_llama_llama_3_1_8b/actcov_oplora_meta_llama_llama_3_1_8b_commonsense_170k_train_165420_r8_k16_seed0_20260503_150247,exact_match,0.0,/data/zck/code/models/models--meta-llama--Llama-3.1-8B/snapshots/d04e592bb4f6aa9cfee91e2e20afa771667e1d4b,data/splits/commonsense_170k_train_165420.jsonl,0.0,20.0,"{'step': 20, 'epoch': 1.25, 'split': 'validation', 'dataset': 'data/splits/commonsense_170k_val_5000.jsonl', 'domain': 'commonsense', 'eval_dataset': 'data/splits/commonsense_170k_val_5000.jsonl', 'eval_domain': 'commonsense', 'eval_type': 'in_domain', 'train_domain': 'commonsense', 'metric_name': 'exact_match', 'metric_mode': 'max', 'metric_value': 0.0, 'eval_metric_name': 'exact_match', 'eval_metric_value': 0.0, 'loss': 3.7268078565597533, 'eval_loss': 3.7268078565597533, 'perplexity': 41.54627459700335, 'eval_accuracy': 0.2789473684210526, 'eval_exact_match': 0.0, 'eval_pass_at_1': None, 'eval_metric': 0.0, 'eval_tokens': 190, 'eval_num_samples': 64, 'num_samples': 64, 'timestamp': '2026-05-03T07:03:44.031421+00:00'}",outputs/runs/meta_llama_llama_3_1_8b/actcov_oplora_meta_llama_llama_3_1_8b_commonsense_170k_train_165420_r8_k16_seed0_20260503_150247,"{'total_parameters': 8030687232, 'trainable_parameters': 425984}",commonsense_8b_actcov_compare,,,,,,,,,,,,,,,,
actcov_oplora,/data/zck/code/models/models--meta-llama--Llama-3.1-8B/snapshots/d04e592bb4f6aa9cfee91e2e20afa771667e1d4b,data/splits/commonsense_170k_train_165420.jsonl,commonsense,8.0,16.0,0.0,0.01,0.0,0.0,,,,0.9986415151506662,0.9986512244989474,,,1.73636794090271,44.155594603158534,16.667758811603893,outputs/runs/meta_llama_llama_3_1_8b/actcov_oplora_meta_llama_llama_3_1_8b_commonsense_170k_train_165420_r8_k16_seed0_20260503_151620,exact_match,0.0,/data/zck/code/models/models--meta-llama--Llama-3.1-8B/snapshots/d04e592bb4f6aa9cfee91e2e20afa771667e1d4b,data/splits/commonsense_170k_train_165420.jsonl,0.0,20.0,"{'step': 20, 'epoch': 1.25, 'split': 'validation', 'dataset': 'data/splits/commonsense_170k_val_5000.jsonl', 'domain': 'commonsense', 'eval_dataset': 'data/splits/commonsense_170k_val_5000.jsonl', 'eval_domain': 'commonsense', 'eval_type': 'in_domain', 'train_domain': 'commonsense', 'metric_name': 'exact_match', 'metric_mode': 'max', 'metric_value': 0.0, 'eval_metric_name': 'exact_match', 'eval_metric_value': 0.0, 'loss': 3.7268078565597533, 'eval_loss': 3.7268078565597533, 'perplexity': 41.54627459700335, 'eval_accuracy': 0.2789473684210526, 'eval_exact_match': 0.0, 'eval_pass_at_1': None, 'eval_metric': 0.0, 'eval_tokens': 190, 'eval_num_samples': 64, 'num_samples': 64, 'timestamp': '2026-05-03T07:17:15.616113+00:00'}",outputs/runs/meta_llama_llama_3_1_8b/actcov_oplora_meta_llama_llama_3_1_8b_commonsense_170k_train_165420_r8_k16_seed0_20260503_151620,"{'total_parameters': 8030687232, 'trainable_parameters': 425984}",commonsense_8b_actcov_compare,,,,,,,,,,,,,,,,
actcov_oplora,/data/zck/code/models/models--meta-llama--Llama-3.1-8B/snapshots/d04e592bb4f6aa9cfee91e2e20afa771667e1d4b,data/splits/commonsense_170k_train_165420.jsonl,commonsense,8.0,16.0,0.0,0.01,0.0,0.0,,,,0.9986415151506662,0.9986512244989474,,,1.73636794090271,44.71430221386254,16.667758811603893,outputs/runs/meta_llama_llama_3_1_8b/actcov_oplora_meta_llama_llama_3_1_8b_commonsense_170k_train_165420_r8_k16_seed0_20260503_153021,exact_match,0.0,/data/zck/code/models/models--meta-llama--Llama-3.1-8B/snapshots/d04e592bb4f6aa9cfee91e2e20afa771667e1d4b,data/splits/commonsense_170k_train_165420.jsonl,0.0,20.0,"{'step': 20, 'epoch': 1.25, 'split': 'validation', 'dataset': 'data/splits/commonsense_170k_val_5000.jsonl', 'domain': 'commonsense', 'eval_dataset': 'data/splits/commonsense_170k_val_5000.jsonl', 'eval_domain': 'commonsense', 'eval_type': 'in_domain', 'train_domain': 'commonsense', 'metric_name': 'exact_match', 'metric_mode': 'max', 'metric_value': 0.0, 'eval_metric_name': 'exact_match', 'eval_metric_value': 0.0, 'loss': 3.7268078565597533, 'eval_loss': 3.7268078565597533, 'perplexity': 41.54627459700335, 'eval_accuracy': 0.2789473684210526, 'eval_exact_match': 0.0, 'eval_pass_at_1': None, 'eval_metric': 0.0, 'eval_tokens': 190, 'eval_num_samples': 64, 'num_samples': 64, 'timestamp': '2026-05-03T07:31:16.732370+00:00'}",outputs/runs/meta_llama_llama_3_1_8b/actcov_oplora_meta_llama_llama_3_1_8b_commonsense_170k_train_165420_r8_k16_seed0_20260503_153021,"{'total_parameters': 8030687232, 'trainable_parameters': 425984}",commonsense_8b_actcov_compare,,,,,,,,,,,,,,,,
actcov_oplora,/data/zck/code/models/models--meta-llama--Llama-3.1-8B/snapshots/d04e592bb4f6aa9cfee91e2e20afa771667e1d4b,data/splits/commonsense_170k_train_165420.jsonl,commonsense,8.0,16.0,0.0,0.01,0.5626,0.5626,,,,0.9954309276819229,0.9958768750111262,,,1.1145191670705874,2927.589036279358,17.356396803984772,outputs/runs/meta_llama_llama_3_1_8b/actcov_oplora_meta_llama_llama_3_1_8b_commonsense_170k_train_165420_r8_k16_seed0_20260503_172603,exact_match,0.5626,/data/zck/code/models/models--meta-llama--Llama-3.1-8B/snapshots/d04e592bb4f6aa9cfee91e2e20afa771667e1d4b,data/splits/commonsense_170k_train_165420.jsonl,0.0,300.0,"{'step': 300, 'epoch': 0.014508523757707652, 'split': 'validation', 'dataset': 'data/splits/commonsense_170k_val_5000.jsonl', 'domain': 'commonsense', 'eval_dataset': 'data/splits/commonsense_170k_val_5000.jsonl', 'eval_domain': 'commonsense', 'eval_type': 'in_domain', 'train_domain': 'commonsense', 'metric_name': 'exact_match', 'metric_mode': 'max', 'metric_value': 0.5626, 'eval_metric_name': 'exact_match', 'eval_metric_value': 0.5626, 'loss': 0.3109413474206847, 'eval_loss': 0.3109413474206847, 'perplexity': 1.364709175125594, 'eval_accuracy': 0.8497007616974973, 'eval_exact_match': 0.5626, 'eval_pass_at_1': None, 'eval_metric': 0.5626, 'eval_tokens': 14704, 'eval_num_samples': 5000, 'num_samples': 5000, 'timestamp': '2026-05-03T10:22:37.815440+00:00'}",outputs/runs/meta_llama_llama_3_1_8b/actcov_oplora_meta_llama_llama_3_1_8b_commonsense_170k_train_165420_r8_k16_seed0_20260503_172603,"{'total_parameters': 8030687232, 'trainable_parameters': 425984}",actcov_oplora_k16_full,,,,,,,,,,,,,,,,
actcov_oplora,/data/zck/code/models/models--meta-llama--Llama-3.1-8B/snapshots/d04e592bb4f6aa9cfee91e2e20afa771667e1d4b,data/splits/commonsense_170k_train_165420.jsonl,commonsense,8.0,32.0,0.0,0.01,0.5242,0.5242,,,,0.996370520011584,0.9959230297962824,,,1.3003204880903165,1817.457517658826,17.149943073590595,outputs/runs/meta_llama_llama_3_1_8b/actcov_oplora_meta_llama_llama_3_1_8b_commonsense_170k_train_165420_r8_k32_seed0_20260503_182245,exact_match,0.5242,,,,,,outputs/runs/meta_llama_llama_3_1_8b/actcov_oplora_meta_llama_llama_3_1_8b_commonsense_170k_train_165420_r8_k32_seed0_20260503_182245,,actcov_oplora_k32_full,0.0,,,,,,,,,,,,,,,
actcov_oplora,/data/zck/code/models/models--meta-llama--Llama-3.1-8B/snapshots/d04e592bb4f6aa9cfee91e2e20afa771667e1d4b,data/splits/commonsense_170k_train_165420.jsonl,commonsense,8.0,4.0,0.0,0.01,0.5764,0.5764,,,,0.9943731918970744,0.9955600005944569,,,0.9897182198862234,2836.3238453678787,17.356452890344567,outputs/runs/meta_llama_llama_3_1_8b/actcov_oplora_meta_llama_llama_3_1_8b_commonsense_170k_train_165420_r8_k4_seed0_20260503_153528,exact_match,0.5764,/data/zck/code/models/models--meta-llama--Llama-3.1-8B/snapshots/d04e592bb4f6aa9cfee91e2e20afa771667e1d4b,data/splits/commonsense_170k_train_165420.jsonl,0.0,300.0,"{'step': 300, 'epoch': 0.014508523757707652, 'split': 'validation', 'dataset': 'data/splits/commonsense_170k_val_5000.jsonl', 'domain': 'commonsense', 'eval_dataset': 'data/splits/commonsense_170k_val_5000.jsonl', 'eval_domain': 'commonsense', 'eval_type': 'in_domain', 'train_domain': 'commonsense', 'metric_name': 'exact_match', 'metric_mode': 'max', 'metric_value': 0.5764, 'eval_metric_name': 'exact_match', 'eval_metric_value': 0.5764, 'loss': 0.2963207884198585, 'eval_loss': 0.2963207884198585, 'perplexity': 1.3449015164730995, 'eval_accuracy': 0.8544613710554951, 'eval_exact_match': 0.5764, 'eval_pass_at_1': None, 'eval_metric': 0.5764, 'eval_tokens': 14704, 'eval_num_samples': 5000, 'num_samples': 5000, 'timestamp': '2026-05-03T08:30:29.635846+00:00'}",outputs/runs/meta_llama_llama_3_1_8b/actcov_oplora_meta_llama_llama_3_1_8b_commonsense_170k_train_165420_r8_k4_seed0_20260503_153528,"{'total_parameters': 8030687232, 'trainable_parameters': 425984}",actcov_oplora_k4_full,,,,,,,,,,,,,,,,
actcov_oplora,/data/zck/code/models/models--meta-llama--Llama-3.1-8B/snapshots/d04e592bb4f6aa9cfee91e2e20afa771667e1d4b,data/splits/commonsense_170k_train_165420.jsonl,commonsense,8.0,8.0,0.0,0.01,0.5514,0.55,,,,0.9948523281971613,0.9958775232950846,,,1.005967034609057,2858.206230333075,17.358097540365684,outputs/runs/meta_llama_llama_3_1_8b/actcov_oplora_meta_llama_llama_3_1_8b_commonsense_170k_train_165420_r8_k8_seed0_20260503_163036,exact_match,0.55,/data/zck/code/models/models--meta-llama--Llama-3.1-8B/snapshots/d04e592bb4f6aa9cfee91e2e20afa771667e1d4b,data/splits/commonsense_170k_train_165420.jsonl,0.0,300.0,"{'step': 300, 'epoch': 0.014508523757707652, 'split': 'validation', 'dataset': 'data/splits/commonsense_170k_val_5000.jsonl', 'domain': 'commonsense', 'eval_dataset': 'data/splits/commonsense_170k_val_5000.jsonl', 'eval_domain': 'commonsense', 'eval_type': 'in_domain', 'train_domain': 'commonsense', 'metric_name': 'exact_match', 'metric_mode': 'max', 'metric_value': 0.55, 'eval_metric_name': 'exact_match', 'eval_metric_value': 0.55, 'loss': 0.30537231595758213, 'eval_loss': 0.30537231595758213, 'perplexity': 1.357130190182086, 'eval_accuracy': 0.845348204570185, 'eval_exact_match': 0.55, 'eval_pass_at_1': None, 'eval_metric': 0.55, 'eval_tokens': 14704, 'eval_num_samples': 5000, 'num_samples': 5000, 'timestamp': '2026-05-03T09:25:56.222421+00:00'}",outputs/runs/meta_llama_llama_3_1_8b/actcov_oplora_meta_llama_llama_3_1_8b_commonsense_170k_train_165420_r8_k8_seed0_20260503_163036,"{'total_parameters': 8030687232, 'trainable_parameters': 425984}",actcov_oplora_k8_full,,,,,,,,,,,,,,,,
actcov_pc_lora,/data/zck/code/models/models--meta-llama--Llama-3.1-8B/snapshots/d04e592bb4f6aa9cfee91e2e20afa771667e1d4b,data/splits/commonsense_170k_train_165420.jsonl,commonsense,8.0,16.0,0.05,0.01,0.0,0.0,,,,0.9985416475683451,0.9985419362783432,,,1.7364252209663391,46.59483165293932,16.687013669447467,outputs/runs/meta_llama_llama_3_1_8b/actcov_pc_lora_meta_llama_llama_3_1_8b_commonsense_170k_train_165420_r8_k16_seed0_20260503_150352,exact_match,0.0,/data/zck/code/models/models--meta-llama--Llama-3.1-8B/snapshots/d04e592bb4f6aa9cfee91e2e20afa771667e1d4b,data/splits/commonsense_170k_train_165420.jsonl,0.0,20.0,"{'step': 20, 'epoch': 1.25, 'split': 'validation', 'dataset': 'data/splits/commonsense_170k_val_5000.jsonl', 'domain': 'commonsense', 'eval_dataset': 'data/splits/commonsense_170k_val_5000.jsonl', 'eval_domain': 'commonsense', 'eval_type': 'in_domain', 'train_domain': 'commonsense', 'metric_name': 'exact_match', 'metric_mode': 'max', 'metric_value': 0.0, 'eval_metric_name': 'exact_match', 'eval_metric_value': 0.0, 'loss': 3.729404345311617, 'eval_loss': 3.729404345311617, 'perplexity': 41.65428920034362, 'eval_accuracy': 0.2789473684210526, 'eval_exact_match': 0.0, 'eval_pass_at_1': None, 'eval_metric': 0.0, 'eval_tokens': 190, 'eval_num_samples': 64, 'num_samples': 64, 'timestamp': '2026-05-03T07:04:49.997787+00:00'}",outputs/runs/meta_llama_llama_3_1_8b/actcov_pc_lora_meta_llama_llama_3_1_8b_commonsense_170k_train_165420_r8_k16_seed0_20260503_150352,"{'total_parameters': 8030687232, 'trainable_parameters': 425984}",commonsense_8b_actcov_compare,,,,,,,,,,,,,,,,
actcov_pc_lora,/data/zck/code/models/models--meta-llama--Llama-3.1-8B/snapshots/d04e592bb4f6aa9cfee91e2e20afa771667e1d4b,data/splits/commonsense_170k_train_165420.jsonl,commonsense,8.0,16.0,0.05,0.01,0.0,0.0,,,,0.9985416475683451,0.9985419362783432,,,1.7364252209663391,45.4341403292492,16.686815305189654,outputs/runs/meta_llama_llama_3_1_8b/actcov_pc_lora_meta_llama_llama_3_1_8b_commonsense_170k_train_165420_r8_k16_seed0_20260503_151724,exact_match,0.0,/data/zck/code/models/models--meta-llama--Llama-3.1-8B/snapshots/d04e592bb4f6aa9cfee91e2e20afa771667e1d4b,data/splits/commonsense_170k_train_165420.jsonl,0.0,20.0,"{'step': 20, 'epoch': 1.25, 'split': 'validation', 'dataset': 'data/splits/commonsense_170k_val_5000.jsonl', 'domain': 'commonsense', 'eval_dataset': 'data/splits/commonsense_170k_val_5000.jsonl', 'eval_domain': 'commonsense', 'eval_type': 'in_domain', 'train_domain': 'commonsense', 'metric_name': 'exact_match', 'metric_mode': 'max', 'metric_value': 0.0, 'eval_metric_name': 'exact_match', 'eval_metric_value': 0.0, 'loss': 3.729404345311617, 'eval_loss': 3.729404345311617, 'perplexity': 41.65428920034362, 'eval_accuracy': 0.2789473684210526, 'eval_exact_match': 0.0, 'eval_pass_at_1': None, 'eval_metric': 0.0, 'eval_tokens': 190, 'eval_num_samples': 64, 'num_samples': 64, 'timestamp': '2026-05-03T07:18:22.448576+00:00'}",outputs/runs/meta_llama_llama_3_1_8b/actcov_pc_lora_meta_llama_llama_3_1_8b_commonsense_170k_train_165420_r8_k16_seed0_20260503_151724,"{'total_parameters': 8030687232, 'trainable_parameters': 425984}",commonsense_8b_actcov_compare,,,,,,,,,,,,,,,,
actcov_pc_lora,/data/zck/code/models/models--meta-llama--Llama-3.1-8B/snapshots/d04e592bb4f6aa9cfee91e2e20afa771667e1d4b,data/splits/commonsense_170k_train_165420.jsonl,commonsense,8.0,16.0,0.05,0.01,0.0,0.0,,,,0.9985416475683451,0.9985419362783432,,,1.7364252209663391,45.57315036794171,16.687013669447467,outputs/runs/meta_llama_llama_3_1_8b/actcov_pc_lora_meta_llama_llama_3_1_8b_commonsense_170k_train_165420_r8_k16_seed0_20260503_153125,exact_match,0.0,/data/zck/code/models/models--meta-llama--Llama-3.1-8B/snapshots/d04e592bb4f6aa9cfee91e2e20afa771667e1d4b,data/splits/commonsense_170k_train_165420.jsonl,0.0,20.0,"{'step': 20, 'epoch': 1.25, 'split': 'validation', 'dataset': 'data/splits/commonsense_170k_val_5000.jsonl', 'domain': 'commonsense', 'eval_dataset': 'data/splits/commonsense_170k_val_5000.jsonl', 'eval_domain': 'commonsense', 'eval_type': 'in_domain', 'train_domain': 'commonsense', 'metric_name': 'exact_match', 'metric_mode': 'max', 'metric_value': 0.0, 'eval_metric_name': 'exact_match', 'eval_metric_value': 0.0, 'loss': 3.729404345311617, 'eval_loss': 3.729404345311617, 'perplexity': 41.65428920034362, 'eval_accuracy': 0.2789473684210526, 'eval_exact_match': 0.0, 'eval_pass_at_1': None, 'eval_metric': 0.0, 'eval_tokens': 190, 'eval_num_samples': 64, 'num_samples': 64, 'timestamp': '2026-05-03T07:32:22.001166+00:00'}",outputs/runs/meta_llama_llama_3_1_8b/actcov_pc_lora_meta_llama_llama_3_1_8b_commonsense_170k_train_165420_r8_k16_seed0_20260503_153125,"{'total_parameters': 8030687232, 'trainable_parameters': 425984}",commonsense_8b_actcov_compare,,,,,,,,,,,,,,,,
actcov_pc_lora,/data/zck/code/models/models--meta-llama--Llama-3.1-8B/snapshots/d04e592bb4f6aa9cfee91e2e20afa771667e1d4b,data/splits/commonsense_170k_train_165420.jsonl,commonsense,8.0,4.0,0.05,0.01,0.5518,0.5456,,,,0.9944804856618246,0.9955761797269185,,,1.0201438008031498,1571.6691540800966,17.282375533005286,outputs/runs/meta_llama_llama_3_1_8b/actcov_pc_lora_meta_llama_llama_3_1_8b_commonsense_170k_train_165420_r8_k4_seed0_20260504_001346,exact_match,0.5456,,,,,,outputs/runs/meta_llama_llama_3_1_8b/actcov_pc_lora_meta_llama_llama_3_1_8b_commonsense_170k_train_165420_r8_k4_seed0_20260504_001346,,actcov_pc_lora_k4_full,0.0,,,,,,,,,,,,,,,
actcov_rank_lora,/data/zck/code/models/models--meta-llama--Llama-3.1-8B/snapshots/d04e592bb4f6aa9cfee91e2e20afa771667e1d4b,data/splits/commonsense_170k_train_165420.jsonl,commonsense,8.0,16.0,0.0,0.01,0.09375,0.09375,,,,0.9966128822416067,0.9966128822416067,,,1.7851882974306743,42.980717695783824,16.659288102930244,outputs/runs/meta_llama_llama_3_1_8b/actcov_rank_lora_meta_llama_llama_3_1_8b_commonsense_170k_train_165420_r8_k16_seed0_20260504_174914,exact_match,0.09375,/data/zck/code/models/models--meta-llama--Llama-3.1-8B/snapshots/d04e592bb4f6aa9cfee91e2e20afa771667e1d4b,data/splits/commonsense_170k_train_165420.jsonl,0.0,20.0,"{'step': 20, 'epoch': 1.25, 'split': 'validation', 'dataset': 'data/splits/commonsense_170k_val_5000.jsonl', 'domain': 'commonsense', 'eval_dataset': 'data/splits/commonsense_170k_val_5000.jsonl', 'eval_domain': 'commonsense', 'eval_type': 'in_domain', 'train_domain': 'commonsense', 'metric_name': 'exact_match', 'metric_mode': 'max', 'metric_value': 0.09375, 'eval_metric_name': 'exact_match', 'eval_metric_value': 0.09375, 'loss': 2.395607573421378, 'eval_loss': 2.395607573421378, 'perplexity': 10.974864069541857, 'eval_accuracy': 0.49473684210526314, 'eval_exact_match': 0.09375, 'eval_pass_at_1': None, 'eval_metric': 0.09375, 'eval_tokens': 190, 'eval_num_samples': 64, 'num_samples': 64, 'timestamp': '2026-05-04T09:50:07.707464+00:00'}",outputs/runs/meta_llama_llama_3_1_8b/actcov_rank_lora_meta_llama_llama_3_1_8b_commonsense_170k_train_165420_r8_k16_seed0_20260504_174914,"{'total_parameters': 8030679040, 'trainable_parameters': 417792}","ActivationCov rank-selected LoRA, q rank 4, v rank 14",,,,,,,,,,,,,,,,
actcov_rank_lora,/data/zck/code/models/models--meta-llama--Llama-3.1-8B/snapshots/d04e592bb4f6aa9cfee91e2e20afa771667e1d4b,data/splits/commonsense_170k_train_165420.jsonl,commonsense,8.0,16.0,0.0,0.01,0.6148,0.6148,,,,0.9842569179455439,0.9842569179455439,,,0.9879099971925219,1922.0972664719447,17.355674795202308,outputs/runs/meta_llama_llama_3_1_8b/actcov_rank_lora_meta_llama_llama_3_1_8b_commonsense_170k_train_165420_r8_k16_seed0_20260504_175239,exact_match,0.6148,/data/zck/code/models/models--meta-llama--Llama-3.1-8B/snapshots/d04e592bb4f6aa9cfee91e2e20afa771667e1d4b,data/splits/commonsense_170k_train_165420.jsonl,0.0,300.0,"{'step': 300, 'epoch': 0.014508523757707652, 'split': 'validation', 'dataset': 'data/splits/commonsense_170k_val_5000.jsonl', 'domain': 'commonsense', 'eval_dataset': 'data/splits/commonsense_170k_val_5000.jsonl', 'eval_domain': 'commonsense', 'eval_type': 'in_domain', 'train_domain': 'commonsense', 'metric_name': 'exact_match', 'metric_mode': 'max', 'metric_value': 0.6148, 'eval_metric_name': 'exact_match', 'eval_metric_value': 0.6148, 'loss': 0.2758770633633906, 'eval_loss': 0.2758770633633906, 'perplexity': 1.3176858622015206, 'eval_accuracy': 0.8677230685527747, 'eval_exact_match': 0.6148, 'eval_pass_at_1': None, 'eval_metric': 0.6148, 'eval_tokens': 14704, 'eval_num_samples': 5000, 'num_samples': 5000, 'timestamp': '2026-05-04T10:29:36.018477+00:00'}",outputs/runs/meta_llama_llama_3_1_8b/actcov_rank_lora_meta_llama_llama_3_1_8b_commonsense_170k_train_165420_r8_k16_seed0_20260504_175239,"{'total_parameters': 8030679040, 'trainable_parameters': 417792}","ActivationCov rank-selected LoRA, q rank 4, v rank 14",,,,,,,,,,,,,,,,
actcov_rank_lora,/data/zck/code/models/models--meta-llama--Llama-3.1-8B/snapshots/d04e592bb4f6aa9cfee91e2e20afa771667e1d4b,data/splits/commonsense_170k_train_165420.jsonl,commonsense,8.0,16.0,0.0,0.01,0.63,0.63,,,,0.9847865663607915,0.9847865663607915,,,0.9843775288124258,3037.8658147118986,17.354831025407123,outputs/runs/meta_llama_llama_3_1_8b/actcov_rank_lora_meta_llama_llama_3_1_8b_commonsense_170k_train_165420_r8_k16_seed1_20260505_125440,exact_match,0.63,/data/zck/code/models/models--meta-llama--Llama-3.1-8B/snapshots/d04e592bb4f6aa9cfee91e2e20afa771667e1d4b,data/splits/commonsense_170k_train_165420.jsonl,1.0,300.0,"{'step': 300, 'epoch': 0.014508523757707652, 'split': 'validation', 'dataset': 'data/splits/commonsense_170k_val_5000.jsonl', 'domain': 'commonsense', 'eval_dataset': 'data/splits/commonsense_170k_val_5000.jsonl', 'eval_domain': 'commonsense', 'eval_type': 'in_domain', 'train_domain': 'commonsense', 'metric_name': 'exact_match', 'metric_mode': 'max', 'metric_value': 0.63, 'eval_metric_name': 'exact_match', 'eval_metric_value': 0.63, 'loss': 0.274676749469343, 'eval_loss': 0.274676749469343, 'perplexity': 1.316105174403675, 'eval_accuracy': 0.8725516866158868, 'eval_exact_match': 0.63, 'eval_pass_at_1': None, 'eval_metric': 0.63, 'eval_tokens': 14704, 'eval_num_samples': 5000, 'num_samples': 5000, 'timestamp': '2026-05-05T05:53:45.725383+00:00'}",outputs/runs/meta_llama_llama_3_1_8b/actcov_rank_lora_meta_llama_llama_3_1_8b_commonsense_170k_train_165420_r8_k16_seed1_20260505_125440,"{'total_parameters': 8030679040, 'trainable_parameters': 417792}","ActivationCov rank-selected LoRA, q rank 4, v rank 14",,,,,,,,,,,,,,,,
actcov_rank_lora,/data/zck/code/models/models--meta-llama--Llama-3.1-8B/snapshots/d04e592bb4f6aa9cfee91e2e20afa771667e1d4b,data/splits/commonsense_170k_train_165420.jsonl,commonsense,8.0,16.0,0.0,0.01,0.6016,0.594,,,,0.9850757147232692,0.9850757147232692,,,0.9841592562540123,3357.1870643286966,17.354831025407123,outputs/runs/meta_llama_llama_3_1_8b/actcov_rank_lora_meta_llama_llama_3_1_8b_commonsense_170k_train_165420_r8_k16_seed2_20260505_135351,exact_match,0.594,/data/zck/code/models/models--meta-llama--Llama-3.1-8B/snapshots/d04e592bb4f6aa9cfee91e2e20afa771667e1d4b,data/splits/commonsense_170k_train_165420.jsonl,2.0,300.0,"{'step': 300, 'epoch': 0.014508523757707652, 'split': 'validation', 'dataset': 'data/splits/commonsense_170k_val_5000.jsonl', 'domain': 'commonsense', 'eval_dataset': 'data/splits/commonsense_170k_val_5000.jsonl', 'eval_domain': 'commonsense', 'eval_type': 'in_domain', 'train_domain': 'commonsense', 'metric_name': 'exact_match', 'metric_mode': 'max', 'metric_value': 0.594, 'eval_metric_name': 'exact_match', 'eval_metric_value': 0.594, 'loss': 0.28306461556491064, 'eval_loss': 0.28306461556491064, 'perplexity': 1.3271909162373892, 'eval_accuracy': 0.8605141458106638, 'eval_exact_match': 0.594, 'eval_pass_at_1': None, 'eval_metric': 0.594, 'eval_tokens': 14704, 'eval_num_samples': 5000, 'num_samples': 5000, 'timestamp': '2026-05-05T06:59:08.398195+00:00'}",outputs/runs/meta_llama_llama_3_1_8b/actcov_rank_lora_meta_llama_llama_3_1_8b_commonsense_170k_train_165420_r8_k16_seed2_20260505_135351,"{'total_parameters': 8030679040, 'trainable_parameters': 417792}","ActivationCov rank-selected LoRA, q rank 4, v rank 14",,,,,,,,,,,,,,,,
actcov_rank_pc_lora,/data/zck/code/models/models--meta-llama--Llama-3.1-8B/snapshots/d04e592bb4f6aa9cfee91e2e20afa771667e1d4b,data/splits/commonsense_170k_train_165420.jsonl,commonsense,8.0,16.0,0.05,0.01,0.6166,0.616,,,,0.9854861758152644,0.9834250459353129,,,0.9861863233381882,2056.1826060987078,17.389176600688213,outputs/runs/meta_llama_llama_3_1_8b/actcov_rank_pc_lora_meta_llama_llama_3_1_8b_commonsense_170k_train_165420_r8_k16_seed0_20260506_150813,exact_match,0.616,/data/zck/code/models/models--meta-llama--Llama-3.1-8B/snapshots/d04e592bb4f6aa9cfee91e2e20afa771667e1d4b,data/splits/commonsense_170k_train_165420.jsonl,0.0,300.0,"{'step': 300, 'epoch': 0.014508523757707652, 'split': 'validation', 'dataset': 'data/splits/commonsense_170k_val_5000.jsonl', 'domain': 'commonsense', 'eval_dataset': 'data/splits/commonsense_170k_val_5000.jsonl', 'eval_domain': 'commonsense', 'eval_type': 'in_domain', 'train_domain': 'commonsense', 'metric_name': 'exact_match', 'metric_mode': 'max', 'metric_value': 0.616, 'eval_metric_name': 'exact_match', 'eval_metric_value': 0.616, 'loss': 0.2729381921620092, 'eval_loss': 0.2729381921620092, 'perplexity': 1.313819038000906, 'eval_accuracy': 0.8682671381936888, 'eval_exact_match': 0.616, 'eval_pass_at_1': None, 'eval_metric': 0.616, 'eval_tokens': 14704, 'eval_num_samples': 5000, 'num_samples': 5000, 'timestamp': '2026-05-06T07:47:46.233492+00:00'}",outputs/runs/meta_llama_llama_3_1_8b/actcov_rank_pc_lora_meta_llama_llama_3_1_8b_commonsense_170k_train_165420_r8_k16_seed0_20260506_150813,"{'total_parameters': 8030679040, 'trainable_parameters': 417792}",SVD-right preserve + ActivationCov rank allocation + PC residual capture,,,,,,,,,,,,,,,,
actcov_rank_pc_lora,/data/zck/code/models/models--meta-llama--Llama-3.1-8B/snapshots/d04e592bb4f6aa9cfee91e2e20afa771667e1d4b,data/splits/commonsense_170k_train_165420.jsonl,commonsense,8.0,16.0,0.05,0.01,0.6188,0.6188,,,,0.986421704785029,0.9845582607269288,,,0.9882348062528763,2303.4350669123232,17.389176600688213,outputs/runs/meta_llama_llama_3_1_8b/actcov_rank_pc_lora_meta_llama_llama_3_1_8b_commonsense_170k_train_165420_r8_k16_seed1_20260506_155530,exact_match,0.6188,/data/zck/code/models/models--meta-llama--Llama-3.1-8B/snapshots/d04e592bb4f6aa9cfee91e2e20afa771667e1d4b,data/splits/commonsense_170k_train_165420.jsonl,1.0,300.0,"{'step': 300, 'epoch': 0.014508523757707652, 'split': 'validation', 'dataset': 'data/splits/commonsense_170k_val_5000.jsonl', 'domain': 'commonsense', 'eval_dataset': 'data/splits/commonsense_170k_val_5000.jsonl', 'eval_domain': 'commonsense', 'eval_type': 'in_domain', 'train_domain': 'commonsense', 'metric_name': 'exact_match', 'metric_mode': 'max', 'metric_value': 0.6188, 'eval_metric_name': 'exact_match', 'eval_metric_value': 0.6188, 'loss': 0.2758327693997124, 'eval_loss': 0.2758327693997124, 'perplexity': 1.3176274979644023, 'eval_accuracy': 0.8688792165397171, 'eval_exact_match': 0.6188, 'eval_pass_at_1': None, 'eval_metric': 0.6188, 'eval_tokens': 14704, 'eval_num_samples': 5000, 'num_samples': 5000, 'timestamp': '2026-05-06T08:39:02.715548+00:00'}",outputs/runs/meta_llama_llama_3_1_8b/actcov_rank_pc_lora_meta_llama_llama_3_1_8b_commonsense_170k_train_165420_r8_k16_seed1_20260506_155530,"{'total_parameters': 8030679040, 'trainable_parameters': 417792}",SVD-right preserve + ActivationCov rank allocation + PC residual capture,,,,,,,,,,,,,,,,
actcov_rank_pc_lora,/data/zck/code/models/models--meta-llama--Llama-3.1-8B/snapshots/d04e592bb4f6aa9cfee91e2e20afa771667e1d4b,data/splits/commonsense_170k_train_165420.jsonl,commonsense,8.0,16.0,0.05,0.01,0.4634,0.4634,,,,0.9920856615622838,0.9906934649387995,,,1.501013884941737,758.4722529039718,16.5839421749115,outputs/runs/meta_llama_llama_3_1_8b/actcov_rank_pc_lora_meta_llama_llama_3_1_8b_commonsense_170k_train_165420_r8_k16_seed2_20260506_155542,exact_match,0.4634,,,,,,outputs/runs/meta_llama_llama_3_1_8b/actcov_rank_pc_lora_meta_llama_llama_3_1_8b_commonsense_170k_train_165420_r8_k16_seed2_20260506_155542,,SVD-right preserve + ActivationCov rank allocation + PC residual capture,0.0,,,,,,,,,,,,,,,
actcov_rank_pc_lora,/data/zck/code/models/models--meta-llama--Llama-3.1-8B/snapshots/d04e592bb4f6aa9cfee91e2e20afa771667e1d4b,data/splits/commonsense_170k_train_165420.jsonl,commonsense,8.0,16.0,0.05,0.01,0.616,0.616,,,,0.9870365390141804,0.9849663430213929,,,0.9914768915623426,1970.7406254080124,17.381822506586712,outputs/runs/meta_llama_llama_3_1_8b/actcov_rank_pc_lora_meta_llama_llama_3_1_8b_commonsense_170k_train_165420_r8_k16_seed2_20260506_161047,exact_match,0.616,,,,,,outputs/runs/meta_llama_llama_3_1_8b/actcov_rank_pc_lora_meta_llama_llama_3_1_8b_commonsense_170k_train_165420_r8_k16_seed2_20260506_161047,,SVD-right preserve + ActivationCov rank allocation + PC residual capture,0.0,,,,,,,,,,,,,,,
actcov_rank_pc_lora,/data/zck/code/models/models--meta-llama--Llama-3.1-8B/snapshots/d04e592bb4f6aa9cfee91e2e20afa771667e1d4b,data/splits/commonsense_170k_train_165420.jsonl,commonsense,8.0,16.0,0.05,0.01,0.616,0.6048,,,,0.9868537632306417,0.9847112115303676,,,0.9811880492294828,2072.194485975895,17.390085529636693,outputs/runs/meta_llama_llama_3_1_8b/actcov_rank_pc_lora_meta_llama_llama_3_1_8b_commonsense_170k_train_165420_r8_k16_seed2_20260507_124135,exact_match,0.6048,/data/zck/code/models/models--meta-llama--Llama-3.1-8B/snapshots/d04e592bb4f6aa9cfee91e2e20afa771667e1d4b,data/splits/commonsense_170k_train_165420.jsonl,2.0,300.0,"{'step': 300, 'epoch': 0.014508523757707652, 'split': 'validation', 'dataset': 'data/splits/commonsense_170k_val_5000.jsonl', 'domain': 'commonsense', 'eval_dataset': 'data/splits/commonsense_170k_val_5000.jsonl', 'eval_domain': 'commonsense', 'eval_type': 'in_domain', 'train_domain': 'commonsense', 'metric_name': 'exact_match', 'metric_mode': 'max', 'metric_value': 0.6048, 'eval_metric_name': 'exact_match', 'eval_metric_value': 0.6048, 'loss': 0.2742526167008242, 'eval_loss': 0.2742526167008242, 'perplexity': 1.3155470894318213, 'eval_accuracy': 0.8644586507072906, 'eval_exact_match': 0.6048, 'eval_pass_at_1': None, 'eval_metric': 0.6048, 'eval_tokens': 14704, 'eval_num_samples': 5000, 'num_samples': 5000, 'timestamp': '2026-05-07T05:21:23.406003+00:00'}",outputs/runs/meta_llama_llama_3_1_8b/actcov_rank_pc_lora_meta_llama_llama_3_1_8b_commonsense_170k_train_165420_r8_k16_seed2_20260507_124135,"{'total_parameters': 8030679040, 'trainable_parameters': 417792}",SVD-right preserve + ActivationCov rank allocation + PC residual capture,,,,,,,,,,,,,,,,
actcov_rank_svd_right,/data/zck/code/models/models--meta-llama--Llama-3.1-8B/snapshots/d04e592bb4f6aa9cfee91e2e20afa771667e1d4b,data/splits/commonsense_170k_train_165420.jsonl,commonsense,8.0,16.0,0.0,0.01,0.09375,0.09375,,,,0.9968730267137289,0.9966846543053787,,,1.7917857964833577,43.54217786015943,16.66909395564686,outputs/runs/meta_llama_llama_3_1_8b/actcov_rank_svd_right_meta_llama_llama_3_1_8b_commonsense_170k_train_165420_r8_k16_seed0_20260504_175020,exact_match,0.09375,/data/zck/code/models/models--meta-llama--Llama-3.1-8B/snapshots/d04e592bb4f6aa9cfee91e2e20afa771667e1d4b,data/splits/commonsense_170k_train_165420.jsonl,0.0,20.0,"{'step': 20, 'epoch': 1.25, 'split': 'validation', 'dataset': 'data/splits/commonsense_170k_val_5000.jsonl', 'domain': 'commonsense', 'eval_dataset': 'data/splits/commonsense_170k_val_5000.jsonl', 'eval_domain': 'commonsense', 'eval_type': 'in_domain', 'train_domain': 'commonsense', 'metric_name': 'exact_match', 'metric_mode': 'max', 'metric_value': 0.09375, 'eval_metric_name': 'exact_match', 'eval_metric_value': 0.09375, 'loss': 2.369312736235167, 'eval_loss': 2.369312736235167, 'perplexity': 10.690042879794897, 'eval_accuracy': 0.49473684210526314, 'eval_exact_match': 0.09375, 'eval_pass_at_1': None, 'eval_metric': 0.09375, 'eval_tokens': 190, 'eval_num_samples': 64, 'num_samples': 64, 'timestamp': '2026-05-04T09:51:29.399222+00:00'}",outputs/runs/meta_llama_llama_3_1_8b/actcov_rank_svd_right_meta_llama_llama_3_1_8b_commonsense_170k_train_165420_r8_k16_seed0_20260504_175020,"{'total_parameters': 8030679040, 'trainable_parameters': 417792}","ActivationCov rank-selected SVD-right OPLoRA, q rank 4, v rank 14",,,,,,,,,,,,,,,,
actcov_rank_svd_right,/data/zck/code/models/models--meta-llama--Llama-3.1-8B/snapshots/d04e592bb4f6aa9cfee91e2e20afa771667e1d4b,data/splits/commonsense_170k_train_165420.jsonl,commonsense,8.0,16.0,0.0,0.01,0.6136,0.6136,,,,0.9863002102851868,0.9843566367944081,,,0.9947295300662518,1967.9545574942604,17.353440413603913,outputs/runs/meta_llama_llama_3_1_8b/actcov_rank_svd_right_meta_llama_llama_3_1_8b_commonsense_170k_train_165420_r8_k16_seed0_20260504_175249,exact_match,0.6136,/data/zck/code/models/models--meta-llama--Llama-3.1-8B/snapshots/d04e592bb4f6aa9cfee91e2e20afa771667e1d4b,data/splits/commonsense_170k_train_165420.jsonl,0.0,300.0,"{'step': 300, 'epoch': 0.014508523757707652, 'split': 'validation', 'dataset': 'data/splits/commonsense_170k_val_5000.jsonl', 'domain': 'commonsense', 'eval_dataset': 'data/splits/commonsense_170k_val_5000.jsonl', 'eval_domain': 'commonsense', 'eval_type': 'in_domain', 'train_domain': 'commonsense', 'metric_name': 'exact_match', 'metric_mode': 'max', 'metric_value': 0.6136, 'eval_metric_name': 'exact_match', 'eval_metric_value': 0.6136, 'loss': 0.27235262062103305, 'eval_loss': 0.27235262062103305, 'perplexity': 1.3130499281686518, 'eval_accuracy': 0.8671789989118607, 'eval_exact_match': 0.6136, 'eval_pass_at_1': None, 'eval_metric': 0.6136, 'eval_tokens': 14704, 'eval_num_samples': 5000, 'num_samples': 5000, 'timestamp': '2026-05-04T10:30:51.781889+00:00'}",outputs/runs/meta_llama_llama_3_1_8b/actcov_rank_svd_right_meta_llama_llama_3_1_8b_commonsense_170k_train_165420_r8_k16_seed0_20260504_175249,"{'total_parameters': 8030679040, 'trainable_parameters': 417792}","ActivationCov rank-selected SVD-right OPLoRA, q rank 4, v rank 14",,,,,,,,,,,,,,,,
actcov_rank_svd_right,/data/zck/code/models/models--meta-llama--Llama-3.1-8B/snapshots/d04e592bb4f6aa9cfee91e2e20afa771667e1d4b,data/splits/commonsense_170k_train_165420.jsonl,commonsense,8.0,16.0,0.0,0.01,0.6278,0.6278,,,,0.9872460940122605,0.9855113059520721,,,0.9892662382335402,3120.761482215021,17.357735968924857,outputs/runs/meta_llama_llama_3_1_8b/actcov_rank_svd_right_meta_llama_llama_3_1_8b_commonsense_170k_train_165420_r8_k16_seed1_20260505_232153,exact_match,0.6278,/data/zck/code/models/models--meta-llama--Llama-3.1-8B/snapshots/d04e592bb4f6aa9cfee91e2e20afa771667e1d4b,data/splits/commonsense_170k_train_165420.jsonl,1.0,300.0,"{'step': 300, 'epoch': 0.014508523757707652, 'split': 'validation', 'dataset': 'data/splits/commonsense_170k_val_5000.jsonl', 'domain': 'commonsense', 'eval_dataset': 'data/splits/commonsense_170k_val_5000.jsonl', 'eval_domain': 'commonsense', 'eval_type': 'in_domain', 'train_domain': 'commonsense', 'metric_name': 'exact_match', 'metric_mode': 'max', 'metric_value': 0.6278, 'eval_metric_name': 'exact_match', 'eval_metric_value': 0.6278, 'loss': 0.27346797601105816, 'eval_loss': 0.27346797601105816, 'perplexity': 1.3145152625157794, 'eval_accuracy': 0.8722116430903155, 'eval_exact_match': 0.6278, 'eval_pass_at_1': None, 'eval_metric': 0.6278, 'eval_tokens': 14704, 'eval_num_samples': 5000, 'num_samples': 5000, 'timestamp': '2026-05-05T16:22:55.073206+00:00'}",outputs/runs/meta_llama_llama_3_1_8b/actcov_rank_svd_right_meta_llama_llama_3_1_8b_commonsense_170k_train_165420_r8_k16_seed1_20260505_232153,"{'total_parameters': 8030679040, 'trainable_parameters': 417792}","ActivationCov rank-selected SVD-right OPLoRA, q rank 4, v rank 14",,,,,,,,,,,,,,,,
actcov_rank_svd_right,/data/zck/code/models/models--meta-llama--Llama-3.1-8B/snapshots/d04e592bb4f6aa9cfee91e2e20afa771667e1d4b,data/splits/commonsense_170k_train_165420.jsonl,commonsense,8.0,16.0,0.0,0.01,0.6136,0.5952,,,,0.987563294506073,0.9855575762589772,,,0.9834319374834498,2843.6587891299278,17.350041415240312,outputs/runs/meta_llama_llama_3_1_8b/actcov_rank_svd_right_meta_llama_llama_3_1_8b_commonsense_170k_train_165420_r8_k16_seed2_20260506_002300,exact_match,0.5952,/data/zck/code/models/models--meta-llama--Llama-3.1-8B/snapshots/d04e592bb4f6aa9cfee91e2e20afa771667e1d4b,data/splits/commonsense_170k_train_165420.jsonl,2.0,300.0,"{'step': 300, 'epoch': 0.014508523757707652, 'split': 'validation', 'dataset': 'data/splits/commonsense_170k_val_5000.jsonl', 'domain': 'commonsense', 'eval_dataset': 'data/splits/commonsense_170k_val_5000.jsonl', 'eval_domain': 'commonsense', 'eval_type': 'in_domain', 'train_domain': 'commonsense', 'metric_name': 'exact_match', 'metric_mode': 'max', 'metric_value': 0.5952, 'eval_metric_name': 'exact_match', 'eval_metric_value': 0.5952, 'loss': 0.27599981851750754, 'eval_loss': 0.27599981851750754, 'perplexity': 1.31784762486101, 'eval_accuracy': 0.8611942328618063, 'eval_exact_match': 0.5952, 'eval_pass_at_1': None, 'eval_metric': 0.5952, 'eval_tokens': 14704, 'eval_num_samples': 5000, 'num_samples': 5000, 'timestamp': '2026-05-05T17:15:40.937290+00:00'}",outputs/runs/meta_llama_llama_3_1_8b/actcov_rank_svd_right_meta_llama_llama_3_1_8b_commonsense_170k_train_165420_r8_k16_seed2_20260506_002300,"{'total_parameters': 8030679040, 'trainable_parameters': 417792}","ActivationCov rank-selected SVD-right OPLoRA, q rank 4, v rank 14",,,,,,,,,,,,,,,,
cur_oplora,/data/zck/code/models/models--meta-llama--Llama-3.1-8B/snapshots/d04e592bb4f6aa9cfee91e2e20afa771667e1d4b,data/splits/commonsense_170k_train_165420.jsonl,commonsense,8.0,16.0,0.0,0.01,0.5994,0.5994,,,,0.9840634991168975,0.9809798339605331,,,1.0102640078403056,2060.87713547796,17.344161483976578,outputs/runs/meta_llama_llama_3_1_8b/cur_oplora_meta_llama_llama_3_1_8b_commonsense_170k_train_165420_r8_k16_seed0_20260506_120134,exact_match,0.5994,,,,,,outputs/runs/meta_llama_llama_3_1_8b/cur_oplora_meta_llama_llama_3_1_8b_commonsense_170k_train_165420_r8_k16_seed0_20260506_120134,,CUR row-subspace right-projected OPLoRA matched to probe layers,0.0,,,,,,,,,,,,,,,
fisher_oplora,/data/zck/code/models/models--meta-llama--Llama-3.1-8B/snapshots/d04e592bb4f6aa9cfee91e2e20afa771667e1d4b,data/splits/commonsense_170k_train_165420.jsonl,commonsense,8.0,16.0,0.0,0.01,0.5524,0.5524,,,,0.9937957085927327,0.9884682206869125,,,0.8622997058555484,2037.3389679910615,17.359074102865684,outputs/runs/meta_llama_llama_3_1_8b/fisher_oplora_meta_llama_llama_3_1_8b_commonsense_170k_train_165420_r8_k16_seed0_20260506_112226,exact_match,0.5524,/data/zck/code/models/models--meta-llama--Llama-3.1-8B/snapshots/d04e592bb4f6aa9cfee91e2e20afa771667e1d4b,data/splits/commonsense_170k_train_165420.jsonl,0.0,300.0,"{'step': 300, 'epoch': 0.014508523757707652, 'split': 'validation', 'dataset': 'data/splits/commonsense_170k_val_5000.jsonl', 'domain': 'commonsense', 'eval_dataset': 'data/splits/commonsense_170k_val_5000.jsonl', 'eval_domain': 'commonsense', 'eval_type': 'in_domain', 'train_domain': 'commonsense', 'metric_name': 'exact_match', 'metric_mode': 'max', 'metric_value': 0.5524, 'eval_metric_name': 'exact_match', 'eval_metric_value': 0.5524, 'loss': 0.3147509228788398, 'eval_loss': 0.3147509228788398, 'perplexity': 1.3699180532140929, 'eval_accuracy': 0.846164309031556, 'eval_exact_match': 0.5524, 'eval_pass_at_1': None, 'eval_metric': 0.5524, 'eval_tokens': 14704, 'eval_num_samples': 5000, 'num_samples': 5000, 'timestamp': '2026-05-06T04:01:28.203258+00:00'}",outputs/runs/meta_llama_llama_3_1_8b/fisher_oplora_meta_llama_llama_3_1_8b_commonsense_170k_train_165420_r8_k16_seed0_20260506_112226,"{'total_parameters': 8030687232, 'trainable_parameters': 425984}",Empirical-Fisher right-projected OPLoRA matched to probe layers,,,,,,,,,,,,,,,,
residual_mwa_pc_lora,/data/zck/code/models/models--meta-llama--Llama-3.1-8B/snapshots/d04e592bb4f6aa9cfee91e2e20afa771667e1d4b,data/splits/metamathqa_train_100000.jsonl,math,8.0,16.0,0.05,0.01,0.7088,0.2088,,,,0.9772774241328239,0.9758304089665413,0.9444374442100525,0.055562568828463554,0.11226656474173069,1208.8454134361818,23.321740478277206,outputs/runs/meta_llama_llama_3_1_8b/residual_mwa_pc_lora_meta_llama_llama_3_1_8b_metamathqa_train_100000_r8_k16_seed0_20260517_100255,exact_match,0.2088,,,,,,outputs/runs/meta_llama_llama_3_1_8b/residual_mwa_pc_lora_meta_llama_llama_3_1_8b_metamathqa_train_100000_r8_k16_seed0_20260517_100255,,metamathqa_8b_residual_mwa_pc_lora_finaleval,0.05,0.9444374442100525,0.055562568828463554,0.055562568828463554,,,,,,,0.2088,1044.0,5000.0,300.0,outputs/runs/meta_llama_llama_3_1_8b/residual_mwa_pc_lora_meta_llama_llama_3_1_8b_metamathqa_train_100000_r8_k16_seed0_20260517_100255/checkpoints/step_300.pt,
residual_mwa_pc_lora,/data/zck/code/models/models--meta-llama--Llama-3.1-8B/snapshots/d04e592bb4f6aa9cfee91e2e20afa771667e1d4b,data/splits/metamathqa_train_100000.jsonl,math,8.0,16.0,0.05,0.01,0.7118,0.2066,,,,0.9777131409287453,0.9764149338841439,0.9637056589126587,0.03629435505717993,0.11739870595435302,1343.2839425262064,23.321809142827988,outputs/runs/meta_llama_llama_3_1_8b/residual_mwa_pc_lora_meta_llama_llama_3_1_8b_metamathqa_train_100000_r8_k16_seed0_20260518_164410,exact_match,0.2066,,,,,,outputs/runs/meta_llama_llama_3_1_8b/residual_mwa_pc_lora_meta_llama_llama_3_1_8b_metamathqa_train_100000_r8_k16_seed0_20260518_164410,,metamathqa_8b_residual_mwa_lambda001,0.01,0.9637056589126587,0.03629435505717993,0.03629435505717993,,,,,,,0.2066,1033.0,5000.0,300.0,outputs/runs/meta_llama_llama_3_1_8b/residual_mwa_pc_lora_meta_llama_llama_3_1_8b_metamathqa_train_100000_r8_k16_seed0_20260518_164410/checkpoints/step_300.pt,
residual_mwa_pc_lora,/data/zck/code/models/models--meta-llama--Llama-3.1-8B/snapshots/d04e592bb4f6aa9cfee91e2e20afa771667e1d4b,data/splits/metamathqa_train_100000.jsonl,math,8.0,16.0,0.05,0.01,0.7092,0.2138,,,,0.9753922057271004,0.9736281104028225,0.9018350541591644,0.09816492721438408,0.11803366368015607,424.8396619851701,23.321740478277206,outputs/runs/meta_llama_llama_3_1_8b/residual_mwa_pc_lora_meta_llama_llama_3_1_8b_metamathqa_train_100000_r8_k16_seed0_20260518_181134,exact_match,0.2138,,,,,,outputs/runs/meta_llama_llama_3_1_8b/residual_mwa_pc_lora_meta_llama_llama_3_1_8b_metamathqa_train_100000_r8_k16_seed0_20260518_181134,,metamathqa_8b_residual_mwa_lambda01,0.1,0.9018350541591644,0.09816492721438408,0.09816492721438408,,,,,,,0.2138,1069.0,5000.0,300.0,outputs/runs/meta_llama_llama_3_1_8b/residual_mwa_pc_lora_meta_llama_llama_3_1_8b_metamathqa_train_100000_r8_k16_seed0_20260518_181134/checkpoints/step_300.pt,32.0
residual_mwa_pc_lora,/data/zck/code/models/models--meta-llama--Llama-3.1-8B/snapshots/d04e592bb4f6aa9cfee91e2e20afa771667e1d4b,data/splits/metamathqa_train_100000.jsonl,math,8.0,16.0,0.05,0.01,,,,,,,,,,,12871.39734948799,,outputs/runs/meta_llama_llama_3_1_8b/residual_mwa_pc_lora_meta_llama_llama_3_1_8b_metamathqa_train_100000_r8_k16_seed1_20260519_084913,,,,,,,,outputs/runs/meta_llama_llama_3_1_8b/residual_mwa_pc_lora_meta_llama_llama_3_1_8b_metamathqa_train_100000_r8_k16_seed1_20260519_084913,,metamathqa_8b_residual_mwa_lambda01_seed_sweep,0.1,,,,,,,,,,,,,,,
residual_mwa_pc_lora,/data/zck/code/models/models--meta-llama--Llama-3.1-8B/snapshots/d04e592bb4f6aa9cfee91e2e20afa771667e1d4b,data/splits/metamathqa_train_100000.jsonl,math,8.0,16.0,0.05,0.01,,,,,,,,,,,29.682358492165804,23.274099985758465,outputs/runs/meta_llama_llama_3_1_8b/residual_mwa_pc_lora_meta_llama_llama_3_1_8b_metamathqa_train_100000_r8_k16_seed1_20260519_085309,,,,,,,,outputs/runs/meta_llama_llama_3_1_8b/residual_mwa_pc_lora_meta_llama_llama_3_1_8b_metamathqa_train_100000_r8_k16_seed1_20260519_085309,,metamathqa_8b_residual_mwa_lambda01_seed_sweep,0.1,,,,,,,,,,,,,,,
residual_mwa_pc_lora,/data/zck/code/models/models--meta-llama--Llama-3.1-8B/snapshots/d04e592bb4f6aa9cfee91e2e20afa771667e1d4b,data/splits/metamathqa_train_100000.jsonl,math,8.0,16.0,0.05,0.01,,,,,,,,,,,438.2503098277375,23.275055546914377,outputs/runs/meta_llama_llama_3_1_8b/residual_mwa_pc_lora_meta_llama_llama_3_1_8b_metamathqa_train_100000_r8_k16_seed1_20260519_085601,,,,,,,,outputs/runs/meta_llama_llama_3_1_8b/residual_mwa_pc_lora_meta_llama_llama_3_1_8b_metamathqa_train_100000_r8_k16_seed1_20260519_085601,,metamathqa_8b_residual_mwa_lambda01_seed_sweep,0.1,,,,,,,,,,,,,,,
residual_mwa_pc_lora,/data/zck/code/models/models--meta-llama--Llama-3.1-8B/snapshots/d04e592bb4f6aa9cfee91e2e20afa771667e1d4b,data/splits/metamathqa_train_100000.jsonl,math,8.0,16.0,0.05,0.01,,,,,,,,,,,438.9279160830192,23.275055546914377,outputs/runs/meta_llama_llama_3_1_8b/residual_mwa_pc_lora_meta_llama_llama_3_1_8b_metamathqa_train_100000_r8_k16_seed1_20260519_090843,,,,,,,,outputs/runs/meta_llama_llama_3_1_8b/residual_mwa_pc_lora_meta_llama_llama_3_1_8b_metamathqa_train_100000_r8_k16_seed1_20260519_090843,,metamathqa_8b_residual_mwa_lambda01_seed_sweep,0.1,,,,,,,,,,,,,,,
residual_mwa_pc_lora,/data/zck/code/models/models--meta-llama--Llama-3.1-8B/snapshots/d04e592bb4f6aa9cfee91e2e20afa771667e1d4b,data/splits/metamathqa_train_100000.jsonl,math,8.0,16.0,0.05,0.01,,,,,,,,,,,459.4144111969508,23.275055546914377,outputs/runs/meta_llama_llama_3_1_8b/residual_mwa_pc_lora_meta_llama_llama_3_1_8b_metamathqa_train_100000_r8_k16_seed1_20260519_100358,,,,,,,,outputs/runs/meta_llama_llama_3_1_8b/residual_mwa_pc_lora_meta_llama_llama_3_1_8b_metamathqa_train_100000_r8_k16_seed1_20260519_100358,,metamathqa_8b_residual_mwa_lambda01_seed_sweep,0.1,,,,,,,,,,,,,,,
residual_mwa_pc_lora,/data/zck/code/models/models--meta-llama--Llama-3.1-8B/snapshots/d04e592bb4f6aa9cfee91e2e20afa771667e1d4b,data/splits/metamathqa_train_100000.jsonl,math,8.0,16.0,0.05,0.01,,,,,,,,,,,457.2025202848017,23.275055546914377,outputs/runs/meta_llama_llama_3_1_8b/residual_mwa_pc_lora_meta_llama_llama_3_1_8b_metamathqa_train_100000_r8_k16_seed1_20260519_102329,,,,,,,,outputs/runs/meta_llama_llama_3_1_8b/residual_mwa_pc_lora_meta_llama_llama_3_1_8b_metamathqa_train_100000_r8_k16_seed1_20260519_102329,,metamathqa_8b_residual_mwa_lambda01_seed_sweep,0.1,,,,,,,,,,,,,,,
residual_mwa_pc_lora,/data/zck/code/models/models--meta-llama--Llama-3.1-8B/snapshots/d04e592bb4f6aa9cfee91e2e20afa771667e1d4b,data/splits/metamathqa_train_100000.jsonl,math,8.0,16.0,0.05,0.01,,,,,,,,,,,443.5578004899435,23.275055546914377,outputs/runs/meta_llama_llama_3_1_8b/residual_mwa_pc_lora_meta_llama_llama_3_1_8b_metamathqa_train_100000_r8_k16_seed1_20260519_103219,,,,,,,,outputs/runs/meta_llama_llama_3_1_8b/residual_mwa_pc_lora_meta_llama_llama_3_1_8b_metamathqa_train_100000_r8_k16_seed1_20260519_103219,,metamathqa_8b_residual_mwa_lambda01_seed_sweep,0.1,,,,,,,,,,,,,,,
residual_mwa_pc_lora,/data/zck/code/models/models--meta-llama--Llama-3.1-8B/snapshots/d04e592bb4f6aa9cfee91e2e20afa771667e1d4b,data/splits/metamathqa_train_100000.jsonl,math,8.0,16.0,0.05,0.01,,,,,,,,,,,450.31291295355186,23.275055546914377,outputs/runs/meta_llama_llama_3_1_8b/residual_mwa_pc_lora_meta_llama_llama_3_1_8b_metamathqa_train_100000_r8_k16_seed1_20260519_105612,,,,,,,,outputs/runs/meta_llama_llama_3_1_8b/residual_mwa_pc_lora_meta_llama_llama_3_1_8b_metamathqa_train_100000_r8_k16_seed1_20260519_105612,,metamathqa_8b_residual_mwa_lambda01_seed_sweep,0.1,,,,,,,,,,,,,,,
residual_mwa_pc_lora,/data/zck/code/models/models--meta-llama--Llama-3.1-8B/snapshots/d04e592bb4f6aa9cfee91e2e20afa771667e1d4b,data/splits/metamathqa_train_100000.jsonl,math,8.0,16.0,0.05,0.01,0.7028,0.7028,,,,0.9792555937588214,0.9779108360767363,0.9111578464508057,0.08884215354919434,0.1277945179802676,443.40877266507596,23.321740478277206,outputs/runs/meta_llama_llama_3_1_8b/residual_mwa_pc_lora_meta_llama_llama_3_1_8b_metamathqa_train_100000_r8_k16_seed1_20260519_111518,exact_match,0.7028,/data/zck/code/models/models--meta-llama--Llama-3.1-8B/snapshots/d04e592bb4f6aa9cfee91e2e20afa771667e1d4b,data/splits/metamathqa_train_100000.jsonl,1.0,300.0,"{'step': 300, 'epoch': 0.024, 'split': 'validation', 'dataset': 'data/splits/metamathqa_val_5000.jsonl', 'domain': 'math', 'eval_dataset': 'data/splits/metamathqa_val_5000.jsonl', 'eval_domain': 'math', 'eval_type': 'in_domain', 'train_domain': 'math', 'metric_name': 'exact_match', 'metric_mode': 'max', 'metric_value': 0.7028, 'eval_metric_name': 'exact_match', 'eval_metric_value': 0.7028, 'loss': 0.2935918714758905, 'eval_loss': 0.2935918714758905, 'perplexity': 1.341236395117222, 'eval_accuracy': 0.7028, 'eval_token_accuracy': 0.9029746723567587, 'eval_exact_match': 0.7028, 'eval_exact_match_count': 3514, 'eval_exact_match_type': 'final_answer', 'eval_sequence_exact_match': 0.0008, 'eval_final_answer_exact_match': 0.7028, 'eval_pass_at_1': None, 'eval_metric': 0.7028, 'eval_tokens': 792020, 'eval_num_samples': 5000, 'num_samples': 5000, 'timestamp': '2026-05-19T03:32:10.996226+00:00'}",outputs/runs/meta_llama_llama_3_1_8b/residual_mwa_pc_lora_meta_llama_llama_3_1_8b_metamathqa_train_100000_r8_k16_seed1_20260519_111518,"{'total_parameters': 8030687232, 'trainable_parameters': 425984}",metamathqa_8b_residual_mwa_lambda01_seed_sweep,0.1,0.9111578464508057,0.08884215354919434,0.08884215354919434,,,,,,,,,,,,
svd_preserve_only,/data/zck/code/models/models--meta-llama--Llama-3.1-8B/snapshots/d04e592bb4f6aa9cfee91e2e20afa771667e1d4b,data/splits/metamathqa_train_100000.jsonl,math,8.0,16.0,0.0,0.01,0.7122,0.2022,,,,0.9879830862522125,0.9871360065460205,,,0.11888639256358147,6057.290723741986,57.1706718754124,outputs/runs/meta_llama_llama_3_1_8b/svd_preserve_only_meta_llama_llama_3_1_8b_metamathqa_train_100000_r8_k16_seed0_20260516_170234,exact_match,0.2022,,,,,,outputs/runs/meta_llama_llama_3_1_8b/svd_preserve_only_meta_llama_llama_3_1_8b_metamathqa_train_100000_r8_k16_seed0_20260516_170234,,metamathqa_8b_residual_joint_capture_bsz8,0.0,,,,,,,,,,0.2022,1011.0,5000.0,250.0,outputs/runs/meta_llama_llama_3_1_8b/svd_preserve_only_meta_llama_llama_3_1_8b_metamathqa_train_100000_r8_k16_seed0_20260516_170234/checkpoints/step_250.pt,
