group,label,status,method,k,adapters,trainable_params,max_steps,last_train_step,last_eval_step,eval_num_samples,eval_loss,perplexity,eval_accuracy,exact_match,omega_residual,peak_gpu_memory_gb,total_train_time_sec,run_dir
matched_8_adapter,LoRA matched,complete,lora,16,8,425984,300,300,300,5000,0.2815013824228205,1.325117828193381,0.8642546245919478,0.6046,0.9803977161010107,17.35447749576053,2901.096868677065,outputs/runs/meta_llama_llama_3_1_8b/lora_meta_llama_llama_3_1_8b_commonsense_170k_train_165420_r8_k16_seed0_20260503_192515
matched_8_adapter,SVD-right OPLoRA matched,complete,oplora,16,8,425984,300,300,300,5000,0.2799289596054514,1.323035820012195,0.8666349292709467,0.6124,0.981806718103091,17.359687753625817,2764.4297891859896,outputs/runs/meta_llama_llama_3_1_8b/oplora_meta_llama_llama_3_1_8b_commonsense_170k_train_165420_r8_k16_seed0_20260504_102826
matched_8_adapter,ActCov-OPLoRA k=4,complete,actcov_oplora,4,8,425984,300,300,300,5000,0.2963207884198585,1.3449015164730995,0.8544613710554951,0.5764,0.9955600005944569,17.356452890344567,2836.3238453678787,outputs/runs/meta_llama_llama_3_1_8b/actcov_oplora_meta_llama_llama_3_1_8b_commonsense_170k_train_165420_r8_k4_seed0_20260503_153528
matched_8_adapter,ActCov-OPLoRA k=8,complete,actcov_oplora,8,8,425984,300,300,300,5000,0.30537231595758213,1.357130190182086,0.845348204570185,0.55,0.9958775232950846,17.358097540365684,2858.206230333075,outputs/runs/meta_llama_llama_3_1_8b/actcov_oplora_meta_llama_llama_3_1_8b_commonsense_170k_train_165420_r8_k8_seed0_20260503_163036
matched_8_adapter,ActCov-OPLoRA k=16,complete,actcov_oplora,16,8,425984,300,300,300,5000,0.3109413474206847,1.364709175125594,0.8497007616974973,0.5626,0.9958768750111262,17.356396803984772,2927.589036279358,outputs/runs/meta_llama_llama_3_1_8b/actcov_oplora_meta_llama_llama_3_1_8b_commonsense_170k_train_165420_r8_k16_seed0_20260503_172603
matched_8_adapter_partial,ActCov-OPLoRA k=32 partial,partial,actcov_oplora,32,8,425984,300,200,150,5000,0.33950352531451666,1.4042502427725347,0.8351468988030468,0.5242,,,,outputs/runs/meta_llama_llama_3_1_8b/actcov_oplora_meta_llama_llama_3_1_8b_commonsense_170k_train_165420_r8_k32_seed0_20260503_182245
matched_8_adapter_partial,ActCov-PC-LoRA k=4 partial,partial,actcov_pc_lora,4,8,425984,300,240,200,5000,0.3130406183326187,1.3675770786001331,0.8427638737758433,0.5456,,,,outputs/runs/meta_llama_llama_3_1_8b/actcov_pc_lora_meta_llama_llama_3_1_8b_commonsense_170k_train_165420_r8_k4_seed0_20260504_001346
full_64_adapter_reference,LoRA full-layer reference,complete,lora,16,64,3407872,300,300,300,5000,0.2125031976936159,1.2367700683707135,0.9061479869423286,0.7246,0.9902659557302792,17.80009310954326,6203.742142102681,outputs/runs/meta_llama_llama_3_1_8b/lora_meta_llama_llama_3_1_8b_commonsense_170k_train_165420_r8_k16_seed0_20260430_145735
full_64_adapter_reference,OPLoRA full-layer reference,complete,oplora,16,64,3407872,300,300,300,5000,0.2259174975606168,1.2534722464940597,0.8989390642002176,0.7038,0.989633022108674,17.800095583941484,5251.769327591173,outputs/runs/meta_llama_llama_3_1_8b/oplora_meta_llama_llama_3_1_8b_commonsense_170k_train_165420_r8_k16_seed0_20260501_141308
