group,label,method,k,lambda_cap,adapters,trainable_params,eval_loss,perplexity,eval_accuracy,exact_match,omega_residual,actcov_alignment_score,actcov_alignment_loss,total_train_time_sec,peak_gpu_memory_gb,run_dir
matched_8_adapter,LoRA matched,lora,16,0.0,8,425984,0.2815013824228205,1.325117828193381,0.8642546245919478,0.6046,0.9803977161010107,,,2901.096868677065,17.35447749576053,outputs/runs/meta_llama_llama_3_1_8b/lora_meta_llama_llama_3_1_8b_commonsense_170k_train_165420_r8_k16_seed0_20260503_192515
matched_8_adapter,SVD-right OPLoRA matched,oplora,16,0.0,8,425984,0.2799289596054514,1.323035820012195,0.8666349292709467,0.6124,0.981806718103091,,,2764.4297891859896,17.359687753625817,outputs/runs/meta_llama_llama_3_1_8b/oplora_meta_llama_llama_3_1_8b_commonsense_170k_train_165420_r8_k16_seed0_20260504_102826
matched_8_adapter,ActCov-guided LoRA lambda=0.05,actcov_guided_lora,16,0.05,8,425984,0.2813562386118431,1.3249255094990746,0.8630304678998912,0.6002,0.997026140610377,0.04714185371994972,0.9528581500053406,2100.9033039365895,17.354921444042308,outputs/runs/meta_llama_llama_3_1_8b/actcov_guided_lora_meta_llama_llama_3_1_8b_commonsense_170k_train_165420_r8_k16_seed0_20260504_131611
matched_8_adapter,ActCov-guided LoRA lambda=0.20,actcov_guided_lora,16,0.2,8,425984,0.2811841657769573,1.3246975454244174,0.8642546245919478,0.6044,0.9972267790158589,0.05523468367755413,0.9447653293609619,2133.7613920369186,17.354921444042308,outputs/runs/meta_llama_llama_3_1_8b/actcov_guided_lora_meta_llama_llama_3_1_8b_commonsense_170k_train_165420_r8_k16_seed0_20260504_131617
matched_8_adapter,ActCov-OPLoRA k=4,actcov_oplora,4,0.0,8,425984,0.2963207884198585,1.3449015164730995,0.8544613710554951,0.5764,0.9955600005944569,,,2836.3238453678787,17.356452890344567,outputs/runs/meta_llama_llama_3_1_8b/actcov_oplora_meta_llama_llama_3_1_8b_commonsense_170k_train_165420_r8_k4_seed0_20260503_153528
matched_8_adapter,ActCov-OPLoRA k=8,actcov_oplora,8,0.0,8,425984,0.30537231595758213,1.357130190182086,0.845348204570185,0.55,0.9958775232950846,,,2858.206230333075,17.358097540365684,outputs/runs/meta_llama_llama_3_1_8b/actcov_oplora_meta_llama_llama_3_1_8b_commonsense_170k_train_165420_r8_k8_seed0_20260503_163036
matched_8_adapter,ActCov-OPLoRA k=16,actcov_oplora,16,0.0,8,425984,0.3109413474206847,1.364709175125594,0.8497007616974973,0.5626,0.9958768750111262,,,2927.589036279358,17.356396803984772,outputs/runs/meta_llama_llama_3_1_8b/actcov_oplora_meta_llama_llama_3_1_8b_commonsense_170k_train_165420_r8_k16_seed0_20260503_172603
full_64_adapter_reference,LoRA full-layer reference,lora,16,0.0,64,3407872,0.2125031976936159,1.2367700683707135,0.9061479869423286,0.7246,0.9902659557302792,,,6203.742142102681,17.80009310954326,outputs/runs/meta_llama_llama_3_1_8b/lora_meta_llama_llama_3_1_8b_commonsense_170k_train_165420_r8_k16_seed0_20260430_145735
full_64_adapter_reference,OPLoRA full-layer reference,oplora,16,0.0,64,3407872,0.2259174975606168,1.2534722464940597,0.8989390642002176,0.7038,0.989633022108674,,,5251.769327591173,17.800095583941484,outputs/runs/meta_llama_llama_3_1_8b/oplora_meta_llama_llama_3_1_8b_commonsense_170k_train_165420_r8_k16_seed0_20260501_141308
