run_dir,step,rho_k_mean,omega_full_mean,omega_residual_mean,orth_error_A_mean,delta_w_norm_mean
outputs/runs/meta_llama_llama_3_1_8b/actcov_guided_lora_meta_llama_llama_3_1_8b_commonsense_170k_train_165420_r8_k16_seed0_20260504_130859,20.0,,0.9964339652409157,0.998800625403722,1.7537242372830708,0.24084187299013138
outputs/runs/meta_llama_llama_3_1_8b/actcov_guided_lora_meta_llama_llama_3_1_8b_commonsense_170k_train_165420_r8_k16_seed0_20260504_131017,20.0,,0.9964339652409157,0.998800625403722,1.7537242372830708,0.24084187299013138
outputs/runs/meta_llama_llama_3_1_8b/actcov_guided_lora_meta_llama_llama_3_1_8b_commonsense_170k_train_165420_r8_k16_seed0_20260504_131611,300.0,,0.9800885573863983,0.997026140610377,1.0032109557650983,1.0143236815929413
outputs/runs/meta_llama_llama_3_1_8b/actcov_guided_lora_meta_llama_llama_3_1_8b_commonsense_170k_train_165420_r8_k16_seed0_20260504_131617,300.0,,0.9795183300971985,0.9972267790158589,1.0233323064943154,0.9961533347765604
outputs/runs/meta_llama_llama_3_1_8b/actcov_guided_lora_meta_llama_llama_3_1_8b_commonsense_170k_train_165420_r8_k4_seed0_20260504_131343,20.0,,0.9964137102166811,0.9986378749211628,1.7538594007492065,0.2427167370915413
outputs/runs/meta_llama_llama_3_1_8b/actcov_oplora_meta_llama_llama_3_1_8b_commonsense_170k_train_165420_r8_k16_seed0_20260503_143842,,,,,,
outputs/runs/meta_llama_llama_3_1_8b/actcov_oplora_meta_llama_llama_3_1_8b_commonsense_170k_train_165420_r8_k16_seed0_20260503_144520,20.0,0.04177774654235691,0.9986415151506662,0.9986512244989474,1.720158490267667,0.2492914552038366
outputs/runs/meta_llama_llama_3_1_8b/actcov_oplora_meta_llama_llama_3_1_8b_commonsense_170k_train_165420_r8_k16_seed0_20260503_150247,20.0,,0.9986415151506662,0.9986512244989474,1.73636794090271,0.25413734714190167
outputs/runs/meta_llama_llama_3_1_8b/actcov_oplora_meta_llama_llama_3_1_8b_commonsense_170k_train_165420_r8_k16_seed0_20260503_151620,20.0,,0.9986415151506662,0.9986512244989474,1.73636794090271,0.25413734714190167
outputs/runs/meta_llama_llama_3_1_8b/actcov_oplora_meta_llama_llama_3_1_8b_commonsense_170k_train_165420_r8_k16_seed0_20260503_153021,20.0,,0.9986415151506662,0.9986512244989474,1.73636794090271,0.25413734714190167
outputs/runs/meta_llama_llama_3_1_8b/actcov_oplora_meta_llama_llama_3_1_8b_commonsense_170k_train_165420_r8_k16_seed0_20260503_172603,300.0,,0.9954309276819229,0.9958768750111262,1.1145191670705874,1.7779354453086853
outputs/runs/meta_llama_llama_3_1_8b/actcov_oplora_meta_llama_llama_3_1_8b_commonsense_170k_train_165420_r8_k32_seed0_20260503_182245,150.0,,0.996370520011584,0.9959230297962824,1.3003204880903165,1.8224650224049885
outputs/runs/meta_llama_llama_3_1_8b/actcov_oplora_meta_llama_llama_3_1_8b_commonsense_170k_train_165420_r8_k4_seed0_20260503_153528,300.0,,0.9943731918970744,0.9955600005944569,0.9897182198862234,1.4934791227181752
outputs/runs/meta_llama_llama_3_1_8b/actcov_oplora_meta_llama_llama_3_1_8b_commonsense_170k_train_165420_r8_k8_seed0_20260503_163036,300.0,,0.9948523281971613,0.9958775232950846,1.005967034609057,1.5044429103533428
outputs/runs/meta_llama_llama_3_1_8b/actcov_pc_lora_meta_llama_llama_3_1_8b_commonsense_170k_train_165420_r8_k16_seed0_20260503_150352,20.0,,0.9985416475683451,0.9985419362783432,1.7364252209663391,0.2540637080868085
outputs/runs/meta_llama_llama_3_1_8b/actcov_pc_lora_meta_llama_llama_3_1_8b_commonsense_170k_train_165420_r8_k16_seed0_20260503_151724,20.0,,0.9985416475683451,0.9985419362783432,1.7364252209663391,0.2540637080868085
outputs/runs/meta_llama_llama_3_1_8b/actcov_pc_lora_meta_llama_llama_3_1_8b_commonsense_170k_train_165420_r8_k16_seed0_20260503_153125,20.0,,0.9985416475683451,0.9985419362783432,1.7364252209663391,0.2540637080868085
outputs/runs/meta_llama_llama_3_1_8b/actcov_pc_lora_meta_llama_llama_3_1_8b_commonsense_170k_train_165420_r8_k4_seed0_20260504_001346,200.0,,0.9944804856618246,0.9955761797269185,1.0201438008031498,1.4854295055071514
outputs/runs/meta_llama_llama_3_1_8b/actcov_rank_lora_meta_llama_llama_3_1_8b_commonsense_170k_train_165420_r8_k16_seed0_20260504_174914,20.0,,0.9966128822416067,0.9966128822416067,1.7851882974306743,0.22104398409525552
outputs/runs/meta_llama_llama_3_1_8b/actcov_rank_lora_meta_llama_llama_3_1_8b_commonsense_170k_train_165420_r8_k16_seed0_20260504_175239,300.0,,0.9842569179455439,0.9842569179455439,0.9879099971925219,0.9556590616703033
outputs/runs/meta_llama_llama_3_1_8b/actcov_rank_lora_meta_llama_llama_3_1_8b_commonsense_170k_train_165420_r8_k16_seed1_20260505_125440,300.0,,0.9847865663607915,0.9847865663607915,0.9843775288124258,0.9422940015792847
outputs/runs/meta_llama_llama_3_1_8b/actcov_rank_lora_meta_llama_llama_3_1_8b_commonsense_170k_train_165420_r8_k16_seed2_20260505_135351,300.0,,0.9850757147232692,0.9850757147232692,0.9841592562540123,0.9550767640272776
outputs/runs/meta_llama_llama_3_1_8b/actcov_rank_pc_lora_meta_llama_llama_3_1_8b_commonsense_170k_train_165420_r8_k16_seed0_20260506_150813,300.0,,0.9854861758152644,0.9834250459353129,0.9861863233381882,0.9358224670092264
outputs/runs/meta_llama_llama_3_1_8b/actcov_rank_pc_lora_meta_llama_llama_3_1_8b_commonsense_170k_train_165420_r8_k16_seed1_20260506_155530,300.0,,0.986421704785029,0.9845582607269288,0.9882348062528763,0.9357041219870249
outputs/runs/meta_llama_llama_3_1_8b/actcov_rank_pc_lora_meta_llama_llama_3_1_8b_commonsense_170k_train_165420_r8_k16_seed2_20260506_155542,50.0,,0.9920856615622838,0.9906934649387995,1.501013884941737,0.7225185533364614
outputs/runs/meta_llama_llama_3_1_8b/actcov_rank_pc_lora_meta_llama_llama_3_1_8b_commonsense_170k_train_165420_r8_k16_seed2_20260506_161047,250.0,,0.9870365390141804,0.9849663430213929,0.9914768915623426,0.9756140311559042
outputs/runs/meta_llama_llama_3_1_8b/actcov_rank_pc_lora_meta_llama_llama_3_1_8b_commonsense_170k_train_165420_r8_k16_seed2_20260507_124135,300.0,,0.9868537632306417,0.9847112115303676,0.9811880492294828,0.9802325864632925
outputs/runs/meta_llama_llama_3_1_8b/actcov_rank_svd_right_meta_llama_llama_3_1_8b_commonsense_170k_train_165420_r8_k16_seed0_20260504_175020,20.0,,0.9968730267137289,0.9966846543053787,1.7917857964833577,0.22230996191501617
outputs/runs/meta_llama_llama_3_1_8b/actcov_rank_svd_right_meta_llama_llama_3_1_8b_commonsense_170k_train_165420_r8_k16_seed0_20260504_175249,300.0,,0.9863002102851868,0.9843566367944081,0.9947295300662518,0.9438625772794088
outputs/runs/meta_llama_llama_3_1_8b/actcov_rank_svd_right_meta_llama_llama_3_1_8b_commonsense_170k_train_165420_r8_k16_seed1_20260505_232153,300.0,,0.9872460940122605,0.9855113059520721,0.9892662382335402,0.9296241899331411
outputs/runs/meta_llama_llama_3_1_8b/actcov_rank_svd_right_meta_llama_llama_3_1_8b_commonsense_170k_train_165420_r8_k16_seed2_20260506_002300,300.0,,0.987563294506073,0.9855575762589772,0.9834319374834498,0.9753677248954773
outputs/runs/meta_llama_llama_3_1_8b/cur_oplora_meta_llama_llama_3_1_8b_commonsense_170k_train_165420_r8_k16_seed0_20260506_120134,250.0,,0.9840634991168975,0.9809798339605331,1.0102640078403056,1.1428715686003368
outputs/runs/meta_llama_llama_3_1_8b/fisher_oplora_meta_llama_llama_3_1_8b_commonsense_170k_train_165420_r8_k16_seed0_20260506_112226,300.0,,0.9937957085927327,0.9884682206869125,0.8622997058555484,1.8472060163815816
outputs/runs/meta_llama_llama_3_1_8b/lora_meta_llama_llama_3_1_8b_commonsense_170k_train_165420_r8_k16_seed0_20260430_105628,300.0,0.04435824395623058,0.9886580820133288,0.990271274626255,1.1363567350328796,0.5734484253658189
outputs/runs/meta_llama_llama_3_1_8b/lora_meta_llama_llama_3_1_8b_commonsense_170k_train_165420_r8_k16_seed0_20260430_141950,,,,,,
outputs/runs/meta_llama_llama_3_1_8b/lora_meta_llama_llama_3_1_8b_commonsense_170k_train_165420_r8_k16_seed0_20260430_145735,300.0,0.04435824395623058,0.9886508831322194,0.9902659557302793,1.1363567350328796,0.5734484253658189
outputs/runs/meta_llama_llama_3_1_8b/lora_meta_llama_llama_3_1_8b_commonsense_170k_train_165420_r8_k16_seed0_20260503_143300,10.0,0.038599324983078984,0.9974788203835487,0.9974788203835487,1.7706620747392827,0.18324714865196834
outputs/runs/meta_llama_llama_3_1_8b/lora_meta_llama_llama_3_1_8b_commonsense_170k_train_165420_r8_k16_seed0_20260503_150022,20.0,,0.9964537800600132,0.9964537800600132,1.7536409497261047,0.24657551447550455
outputs/runs/meta_llama_llama_3_1_8b/lora_meta_llama_llama_3_1_8b_commonsense_170k_train_165420_r8_k16_seed0_20260503_151106,20.0,,0.9964537800600132,0.9964537800600132,1.7536409497261047,0.24657551447550455
outputs/runs/meta_llama_llama_3_1_8b/lora_meta_llama_llama_3_1_8b_commonsense_170k_train_165420_r8_k16_seed0_20260503_151359,20.0,,0.9964537800600132,0.9964537800600132,1.7536409497261047,0.24657551447550455
outputs/runs/meta_llama_llama_3_1_8b/lora_meta_llama_llama_3_1_8b_commonsense_170k_train_165420_r8_k16_seed0_20260503_152800,20.0,,0.9964537800600132,0.9964537800600132,1.7536409497261047,0.24657551447550455
outputs/runs/meta_llama_llama_3_1_8b/lora_meta_llama_llama_3_1_8b_commonsense_170k_train_165420_r8_k16_seed0_20260503_192515,300.0,,0.9803977161010107,0.9803977161010107,1.0036884620397661,1.1593749125798543
outputs/runs/meta_llama_llama_3_1_8b/lora_meta_llama_llama_3_1_8b_commonsense_170k_train_165420_r8_k16_seed1_20260430_165419,300.0,0.048954952997155486,0.9905810209820668,0.99206981104215,1.1509715345843385,0.521825835108757
outputs/runs/meta_llama_llama_3_1_8b/lora_meta_llama_llama_3_1_8b_commonsense_170k_train_165420_r8_k16_seed1_20260504_233319,200.0,,0.9834907930930455,0.9834907930930455,1.0280547997293372,1.0946066876252492
outputs/runs/meta_llama_llama_3_1_8b/lora_meta_llama_llama_3_1_8b_commonsense_170k_train_165420_r8_k16_seed1_20260505_110335,300.0,,0.9834707996050517,0.9834707996050517,0.9964301994380852,1.102720578511556
outputs/runs/meta_llama_llama_3_1_8b/lora_meta_llama_llama_3_1_8b_commonsense_170k_train_165420_r8_k16_seed2_20260430_183911,250.0,0.04648245356511325,0.9900856444180012,0.9914540884157022,1.1226218602257885,0.5201514214277267
outputs/runs/meta_llama_llama_3_1_8b/lora_meta_llama_llama_3_1_8b_commonsense_170k_train_165420_r8_k16_seed2_20260430_224429,250.0,0.04648245356511325,0.9900856444180012,0.9914540884157022,1.1226218602257885,0.5201514214277267
outputs/runs/meta_llama_llama_3_1_8b/lora_meta_llama_llama_3_1_8b_commonsense_170k_train_165420_r8_k16_seed2_20260501_103319,300.0,0.04673423554049805,0.9902159226924181,0.9915971703012785,1.1123700525559899,0.5225434593028493
outputs/runs/meta_llama_llama_3_1_8b/lora_meta_llama_llama_3_1_8b_commonsense_170k_train_165420_r8_k16_seed2_20260505_114055,300.0,,0.9827169604460398,0.9827169604460398,1.0462325202145923,1.1285845239957173
outputs/runs/meta_llama_llama_3_1_8b/lora_meta_llama_llama_3_1_8b_metamathqa_train_100000_r8_k16_seed0_20260516_145547,300.0,,0.9858100815296174,0.9858100815296174,0.11550125929837425,1.2561019758383434
outputs/runs/meta_llama_llama_3_1_8b/lora_nsc_meta_llama_llama_3_1_8b_commonsense_170k_train_165420_r8_k16_seed0_20260430_120838,300.0,0.04054663664428517,0.9876289592832327,0.9893953527857859,1.1393428213066525,0.5452147929204835
outputs/runs/meta_llama_llama_3_1_8b/lora_nsc_meta_llama_llama_3_1_8b_commonsense_170k_train_165420_r8_k16_seed0_20260507_135352,300.0,,0.9876137400041024,0.9893826630204916,1.4534967601299287,0.5525882348418236
outputs/runs/meta_llama_llama_3_1_8b/lora_nsc_meta_llama_llama_3_1_8b_commonsense_170k_train_165420_r8_k16_seed1_20260507_233033,300.0,,0.9901557425081731,0.9916609371940295,1.4671864844392986,0.5309041514992714
outputs/runs/meta_llama_llama_3_1_8b/lora_nsc_meta_llama_llama_3_1_8b_commonsense_170k_train_165420_r8_k16_seed2_20260508_011146,300.0,,0.989493641704321,0.9908524248878161,1.4402394040953368,0.5392263785004616
outputs/runs/meta_llama_llama_3_1_8b/oplora_meta_llama_llama_3_1_8b_commonsense_170k_train_165420_r8_k16_seed0_20260430_113153,300.0,0.039692802820358704,0.9905090628912051,0.9896472786019246,1.2154925871226523,0.5770324402385287
outputs/runs/meta_llama_llama_3_1_8b/oplora_meta_llama_llama_3_1_8b_commonsense_170k_train_165420_r8_k16_seed0_20260501_141308,300.0,0.039692802820358704,0.9904960675756136,0.989633022108674,1.2154925871226523,0.5770324402385287
outputs/runs/meta_llama_llama_3_1_8b/oplora_meta_llama_llama_3_1_8b_commonsense_170k_train_165420_r8_k16_seed0_20260503_150128,20.0,,0.9968468130876621,0.9965459033846855,1.7571447094281514,0.2478182166814804
outputs/runs/meta_llama_llama_3_1_8b/oplora_meta_llama_llama_3_1_8b_commonsense_170k_train_165420_r8_k16_seed0_20260503_151501,20.0,,0.9968468130876621,0.9965459033846855,1.7571447094281514,0.2478182166814804
outputs/runs/meta_llama_llama_3_1_8b/oplora_meta_llama_llama_3_1_8b_commonsense_170k_train_165420_r8_k16_seed0_20260503_152904,20.0,,0.9968468130876621,0.9965459033846855,1.7571447094281514,0.2478182166814804
outputs/runs/meta_llama_llama_3_1_8b/oplora_meta_llama_llama_3_1_8b_commonsense_170k_train_165420_r8_k16_seed0_20260503_235945,250.0,,0.9850759879906972,0.9819275868733723,1.0084802960821737,1.1485324303309123
outputs/runs/meta_llama_llama_3_1_8b/oplora_meta_llama_llama_3_1_8b_commonsense_170k_train_165420_r8_k16_seed0_20260504_102826,300.0,,0.9849516030947367,0.981806718103091,1.0016216514632106,1.1547155380249023
outputs/runs/meta_llama_llama_3_1_8b/oplora_meta_llama_llama_3_1_8b_commonsense_170k_train_165420_r8_k16_seed1_20260501_120734,300.0,0.03335245493799713,0.9914266915371021,0.9905966106881698,1.2352759233779378,0.4929332815938526
outputs/runs/meta_llama_llama_3_1_8b/oplora_meta_llama_llama_3_1_8b_commonsense_170k_train_165420_r8_k16_seed1_20260504_233334,200.0,,0.9862570443948111,0.9841031650543213,1.041719561132292,1.064969390630722
outputs/runs/meta_llama_llama_3_1_8b/oplora_meta_llama_llama_3_1_8b_commonsense_170k_train_165420_r8_k16_seed1_20260505_110351,300.0,,0.9861955836931864,0.9840857801040013,1.0023665432818234,1.0730423033237457
outputs/runs/meta_llama_llama_3_1_8b/oplora_meta_llama_llama_3_1_8b_commonsense_170k_train_165420_r8_k16_seed2_20260501_134512,50.0,0.035859840735795734,0.9907898444523414,0.9900149030933778,1.6458223561445873,0.3914559996790356
outputs/runs/meta_llama_llama_3_1_8b/oplora_meta_llama_llama_3_1_8b_commonsense_170k_train_165420_r8_k16_seed2_20260501_155455,300.0,0.03678242978640271,0.9909787785857916,0.9902784062415362,1.1728797918702993,0.5176495396428638
outputs/runs/meta_llama_llama_3_1_8b/oplora_meta_llama_llama_3_1_8b_commonsense_170k_train_165420_r8_k16_seed2_20260505_114148,50.0,,0.9922238981326421,0.9906930607000987,1.458107481400172,0.8157328565915426
outputs/runs/meta_llama_llama_3_1_8b/oplora_meta_llama_llama_3_1_8b_commonsense_170k_train_165420_r8_k16_seed2_20260505_115300,300.0,,0.9866861636241278,0.9841928966045379,1.045197132198761,1.1378727853298187
outputs/runs/meta_llama_llama_3_1_8b/pc_lora_meta_llama_llama_3_1_8b_commonsense_170k_train_165420_r8_k16_seed0_20260430_105305,20.0,0.03455400425009762,0.9972993039991707,0.9971742536872625,1.8021972444322374,0.18738041673269537
outputs/runs/meta_llama_llama_3_1_8b/pc_lora_meta_llama_llama_3_1_8b_commonsense_170k_train_165420_r8_k16_seed0_20260430_124655,300.0,0.03771698661149012,0.9898988036761681,0.9891081063896418,1.2286206405195925,0.5614299029111862
outputs/runs/meta_llama_llama_3_1_8b/pc_lora_meta_llama_llama_3_1_8b_commonsense_170k_train_165420_r8_k16_seed0_20260501_173526,,,,,,
outputs/runs/meta_llama_llama_3_1_8b/pc_lora_meta_llama_llama_3_1_8b_commonsense_170k_train_165420_r8_k16_seed0_20260506_005928,300.0,,0.9838781494537989,0.9806064529975256,1.0031124594000478,1.1442583700021107
outputs/runs/meta_llama_llama_3_1_8b/pc_lora_meta_llama_llama_3_1_8b_commonsense_170k_train_165420_r8_k16_seed0_20260507_135343,300.0,,0.9898945015003283,0.9891030339678129,1.4906894989311694,0.55881008207798
outputs/runs/meta_llama_llama_3_1_8b/pc_lora_meta_llama_llama_3_1_8b_commonsense_170k_train_165420_r8_k16_seed0_20260507_162449,300.0,,0.9898945015003283,0.9891030339678129,1.4906894989311694,0.55881008207798
outputs/runs/meta_llama_llama_3_1_8b/pc_lora_meta_llama_llama_3_1_8b_commonsense_170k_train_165420_r8_k16_seed1_20260507_233046,300.0,,0.9901938787559668,0.9892648364663125,1.5097451590001583,0.5290967896580696
outputs/runs/meta_llama_llama_3_1_8b/pc_lora_meta_llama_llama_3_1_8b_commonsense_170k_train_165420_r8_k16_seed2_20260508_011413,300.0,,0.9901807801534732,0.9894457764993112,1.4625815846025945,0.5465443447232247
outputs/runs/meta_llama_llama_3_1_8b/pc_lora_meta_llama_llama_3_1_8b_metamathqa_train_100000_r8_k16_seed0_20260516_185951,250.0,,0.9793107093811035,0.9780788621902465,0.12559171890219054,1.244095762570699
outputs/runs/meta_llama_llama_3_1_8b/pc_lora_meta_llama_llama_3_1_8b_metamathqa_train_100000_r8_k16_seed0_20260516_215438,,,,,,
outputs/runs/meta_llama_llama_3_1_8b/pc_lora_meta_llama_llama_3_1_8b_metamathqa_train_100000_r8_k16_seed0_20260516_215840,,,,,,
outputs/runs/meta_llama_llama_3_1_8b/pc_lora_meta_llama_llama_3_1_8b_metamathqa_train_100000_r8_k16_seed0_20260516_220236,150.0,,0.9850529131412507,0.9840627082824707,0.1688686478883028,1.1544202466805775
outputs/runs/meta_llama_llama_3_1_8b/pc_lora_meta_llama_llama_3_1_8b_metamathqa_train_100000_r8_k16_seed0_20260517_092520,300.0,,0.9782999911010265,0.9770543546915054,0.1212866489465038,1.2473672131697338
outputs/runs/meta_llama_llama_3_1_8b/pc_lora_weighted_meta_llama_llama_3_1_8b_commonsense_170k_train_165420_r8_k16_seed0_20260430_132706,300.0,0.03359990627505215,0.9919889298776785,0.9913961506883304,1.6824964218669467,0.2092968477971024
outputs/runs/meta_llama_llama_3_1_8b/residual_mwa_pc_lora_meta_llama_llama_3_1_8b_metamathqa_train_100000_r8_k16_seed0_20260517_100255,300.0,,0.9772774241328239,0.9758304089665413,0.11226656474173069,1.233518252770106
outputs/runs/meta_llama_llama_3_1_8b/residual_mwa_pc_lora_meta_llama_llama_3_1_8b_metamathqa_train_100000_r8_k16_seed0_20260518_164410,300.0,,0.9777131409287453,0.9764149338841439,0.11739870595435302,1.2435565690199535
outputs/runs/meta_llama_llama_3_1_8b/residual_mwa_pc_lora_meta_llama_llama_3_1_8b_metamathqa_train_100000_r8_k16_seed0_20260518_181134,300.0,,0.9753922057271004,0.9736281104028225,0.11803366368015607,1.2109674016634624
outputs/runs/meta_llama_llama_3_1_8b/residual_mwa_pc_lora_meta_llama_llama_3_1_8b_metamathqa_train_100000_r8_k16_seed1_20260519_084913,,,,,,
outputs/runs/meta_llama_llama_3_1_8b/residual_mwa_pc_lora_meta_llama_llama_3_1_8b_metamathqa_train_100000_r8_k16_seed1_20260519_085309,,,,,,
outputs/runs/meta_llama_llama_3_1_8b/residual_mwa_pc_lora_meta_llama_llama_3_1_8b_metamathqa_train_100000_r8_k16_seed1_20260519_085601,,,,,,
outputs/runs/meta_llama_llama_3_1_8b/residual_mwa_pc_lora_meta_llama_llama_3_1_8b_metamathqa_train_100000_r8_k16_seed1_20260519_090843,,,,,,
outputs/runs/meta_llama_llama_3_1_8b/residual_mwa_pc_lora_meta_llama_llama_3_1_8b_metamathqa_train_100000_r8_k16_seed1_20260519_100358,,,,,,
outputs/runs/meta_llama_llama_3_1_8b/residual_mwa_pc_lora_meta_llama_llama_3_1_8b_metamathqa_train_100000_r8_k16_seed1_20260519_102329,,,,,,
outputs/runs/meta_llama_llama_3_1_8b/residual_mwa_pc_lora_meta_llama_llama_3_1_8b_metamathqa_train_100000_r8_k16_seed1_20260519_103219,,,,,,
outputs/runs/meta_llama_llama_3_1_8b/residual_mwa_pc_lora_meta_llama_llama_3_1_8b_metamathqa_train_100000_r8_k16_seed1_20260519_105612,,,,,,
outputs/runs/meta_llama_llama_3_1_8b/residual_mwa_pc_lora_meta_llama_llama_3_1_8b_metamathqa_train_100000_r8_k16_seed1_20260519_111518,300.0,,0.9792555937588214,0.9779108360767363,0.1277945179802676,1.2226489285628002
outputs/runs/meta_llama_llama_3_1_8b/svd_preserve_only_meta_llama_llama_3_1_8b_metamathqa_train_100000_r8_k16_seed0_20260516_170234,300.0,,0.9879830862522125,0.9871360065460205,0.11888639256358147,1.2562973996003468
outputs/runs/meta_llama_llama_3_2_1b/lora_meta_llama_llama_3_2_1b_commonsense_170k_train_165420_r8_k16_seed0_20260430_090944,300.0,0.0605176662793383,0.9816510903437933,0.9846405986150106,1.563451656273433,0.3925148770213127
outputs/runs/meta_llama_llama_3_2_1b/lora_nsc_meta_llama_llama_3_2_1b_commonsense_170k_train_165420_r8_k16_seed0_20260430_093314,300.0,0.06067010434344411,0.9807044207255046,0.9838847659428913,1.5609052436692374,0.3936524045254503
outputs/runs/meta_llama_llama_3_2_1b/oplora_meta_llama_llama_3_2_1b_commonsense_170k_train_165420_r8_k16_seed0_20260430_092122,300.0,0.04649941297248196,0.9853022070725759,0.9837217740416526,1.5675657817295618,0.4053697468979018
outputs/runs/meta_llama_llama_3_2_1b/pc_lora_meta_llama_llama_3_2_1b_commonsense_170k_train_165420_r8_k16_seed0_20260430_090305,20.0,0.051118136709558684,0.9959467072039843,0.9957117013012369,1.8415800843920027,0.14017653624926293
outputs/runs/meta_llama_llama_3_2_1b/pc_lora_meta_llama_llama_3_2_1b_commonsense_170k_train_165420_r8_k16_seed0_20260430_090605,20.0,0.051118136709558684,0.9959467072039843,0.9957117013012369,1.8415800843920027,0.14017653624926293
outputs/runs/meta_llama_llama_3_2_1b/pc_lora_meta_llama_llama_3_2_1b_commonsense_170k_train_165420_r8_k16_seed0_20260430_094633,300.0,0.04605613471940353,0.9844523506164551,0.9828213326334954,1.5669049748352595,0.4066563163484846
outputs/runs/meta_llama_llama_3_2_1b/pc_lora_weighted_meta_llama_llama_3_2_1b_commonsense_170k_train_165420_r8_k16_seed0_20260430_100010,300.0,0.04724238058552373,0.9865274139841398,0.9851563997666042,1.7773153696741377,0.20911593735218048
outputs/runs/tiny_llama/pc_lora_tiny_llama_synthetic_lm_r8_k16_seed0_20260429_133834,5.0,1.3575486619378844e-14,,,3.524941563606262,
outputs/runs/tiny_llama/pc_lora_tiny_llama_synthetic_lm_r8_k16_seed0_20260429_140209,2.0,2.1202240944916476e-14,,,3.559986650943756,
outputs/runs/tiny_llama/pc_lora_tiny_llama_synthetic_lm_r8_k16_seed0_20260429_234600,5.0,0.3087227139622014,0.9697387218475342,0.9705650508403778,1.8773958384990692,0.012717051431536674
